exam_code,topic,question,option_a,option_b,option_c,option_d,option_e,option_f,correct_answer
SAP-C02,Task 1.1: Architect network connectivity strategies.,"a company has introduced a new policy that allows employees to work remotely from their homes if they connect by using a VPN. The company is hosting internal applications with VPCs in multiple AWS accounts. Currently, the applications are accessible from the company's on premises office network through an AWS sightto-sightVPN connection. The VPC in the company's main AWS account has peering connections established with VPCs in other AWS accounts. A solutions architect must design a scalable AWS Client VPN solution for employees to use while they work from home. What is the most cost-effective solution that meets these requirements?",Create a Client VPN endpoint in each AWS account. Configure required routing that allows access to internal applications.,Create a Client VPN endpoint in the main AWS account. Configure required routing that allows access to internal applications.,Create a Client VPN endpoint in the main AWS account. Provision a transit gateway that is connected to each AWS account. Configure required routing that allows access to internal applications.,Create a Client VPN endpoint in the main AWS account. Establish connectivity between the Client VPN endpoint and the AWS sightto-sightVPN.,,,B
SAP-C02,Task 4.2: Determine the optimal migration approach for existing workloads.,a company is planning to migrate an application to AWS. The application runs as a Docker container and uses an NFS version for fileshare. A solution's architect must design a secure and scalable containerized solution that does not require provisioning or management of the underlying infrastructure. Which solution will meet these requirements?,"Deploy the application containers by using Amazon Elastic Container Service Amazon ECS with the Fargate launch type. Use Amazon Elastic File System Amazon EFS for shared storage. Reference the EFS file system ID, container mount point, and EFS authorization IM role in the ECS task definition.",Deploy the application containers by using Amazon Elastic Container Service Amazon ECS with the Fargate launch type. Use Amazon FSX for Luster for shared storage. Reference the fsx for luster file system ID container mount point and fsx for luster authorization IM role in the ECS task definition.,Deploy the application containers by using Amazon elastic container service Amazon ECS with the Amazon EC2 launch type and autoscaling turned on. Use Amazon Elastic file system Amazon EFS for shared storage. Mount the EFS file system on the ECS container instances. Add the EFS authorization IM RO to the EC2 instance profile.,"Deploy the application containers by using Amazon Elastic Container Service, Amazon ECS with the Amazon EC2 launch type and autoscaling turned on. Use Amazon Elastic Block Store. Amazon EBS volumes with multiattach enabled for shared storage. Attach the EBS volumes to ECS container instances. Add the EBS authorization IM RO to an EC2 instance profile. Okay, let's break",,,A
SAP-C02,Task 1.1: Architect network connectivity strategies.,"A company is migrating some of its applications to AWS. The company wants to migrate and modernize the applications quickly after it finalizes networking and security strategies. The company has set up an AWS Direct Connect connection in a central network account. The company expects to have hundreds of AWS accounts and VPCs in the near future. The corporate network must be able to access the resources on AWS seamlessly and also must be able to communicate with all the VPCs. The company also wants to route its cloud resources to the internet through its on- premises data center. Which combination of steps will meet these requirements? Choose three. A create a direct connect gateway in the central account. In each of the accounts, create an association proposal by using the direct connect gateway and the account ID for every virtual private gateway.","Choose three. A create a direct connect gateway in the central account. In each of the accounts, create an association proposal by using the direct connect gateway and the account ID for every virtual private gateway.",Create a direct connect gateway and a transit gateway in the central network account. Attach the transit gateway to the direct connect gateway by using a transit vif.,Provision an internet gateway. Attach the internet gateway to subnets. Allow internet traffic through the gateway.,Share the transit gateway with other accounts. Attach VPCs to the transit gateway.,Provision VPC peering as necessary.,Provision only private subnets. Open the necessary route on the transit gateway and customer gateway to allow outbound internet traffic from AWS to flow through NAT services that run in the data center.,"B,D,F"
SAP-C02,Task 1.1: Architect network connectivity strategies.,A solutions architect is designing an AWS account structure for a company that consists of multiple teams. All the teams will work in the same AWS region. The company needs a VPC that is connected to the on- premises network. The company expects less than 50 megabits per second of total traffic to and from the on- premises network. Which combination of steps will meet these requirements most cost effectively? Choose two. A create an AWS cloud for template that provisions a VPC and the required subnets. Deploy the template to each AWS account.,Choose two. A create an AWS cloud for template that provisions a VPC and the required subnets. Deploy the template to each AWS account.,Create an AWS cloud for template that provisions a VPC and the required subnets. Deploy the template to a shared services account. Share the subnets by using AWS resource access manager.,Use AWS transit gateway along with an AWS sightto-sightVPN for connectivity to the on- premises network. Share the transit gateway by using AWS resource access manager.,Use AWS sightto-sightVPN for connectivity to the on- premises network. Ese direct connect for connectivity to the on- premises network.,"Use AWS Direct Connect for connectivity to the on- premises network. This is not the most cost-effective option. AWS Direct Connect provides a private dedicated physical connection to AWS. While it offers consistent low latency performance, it is substantially more expensive than a sight-to-sightVPN. It involves higher hourly port charges from AWS and requires a contract with a telecommunications provider to establish the physical link. For a low bandwidth requirement of less than 50 megabits per second, the high cost of direct connect is not justified. Therefore, the correct combination is B and",,"B,D"
SAP-C02,Task 1.2: Prescribe security controls.,A research center is migrating to the AWS cloud and has moved its on- premises 1PB object storage to an Amazon S3 bucket. 100 scientists are using this object storage to store their work rellated documents. Each scientist has a personal folder on the object store. All the scientists are members of a single IM user group. The research cent's compliance officer is worried that scientists will be able to access each other's work. The research center has a strict obligation to report on which scientist accesses which documents. The team that is responsible for these reports has little AWS experience and wants a readytouse solution that minimizes operational overhead. Which combination of actions should a solutions architect take to meet these requirements? Choose two. Create an identity policy that grants the user read and write access. Add a condition that specifies that the S3 paths must be prefixed with dollar AWS username. Apply the policy on the scientist's IM user group.,Choose two. Create an identity policy that grants the user read and write access. Add a condition that specifies that the S3 paths must be prefixed with dollar AWS username. Apply the policy on the scientist's IM user group.,Configure a trail with AWS cloud trail to capture all object level events in the S3 bucket. Store the trail output in another S3 bucket. Use Amazon Athena to query the logs and generate reports.,Enable S3 server access logging. Configure another S3 bucket as the target for log delivery. Use Amazon Athena to query the logs and generate reports.,Create an S3 bucket policy that grants read and write access to users in the scientists IM user group.,"Configure a trail with AWS cloud trail to capture all object level events in the S3 bucket and write the events to Amazon Cloudatch. use the Amazon Athena Cloudatch connector to query the logs and generate reports. This scenario presents us with two distinct problems to solve. First,",,"A,B"
SAP-C02,Task 1.3: Design reliable and resilient architectures.,"A company is deploying a new cluster for big data analytics on AWS. The cluster will run across many Linux Amazon EC2 instances that are spread across multiple availability zones. All of the nodes in the cluster must have read and write access to common underlying file storage. The file storage must be highly available, must be resilient, must be compatible with the portable operating system interface PIX and must accommodate high levels of throughput. Which storage solution will meet these requirements?",Provision an AWS storage gateway file gateway NFS fileshare that is attached to an Amazon S3 bucket. Mount the NFS fileshare on each EC2 instance in the cluster.,Provision a new Amazon elastic file system. Amazon EFS file system that uses generalpurpose performance mode. Mount the EFS file system on each EC2 instance in the cluster.,"Provision a new Amazon elastic block store Amazon EBS volume that uses the IO2 volume type. Attach the EBS volume to all of the EC2 instances in the cluster. D provision a new Amazon elastic file system. Amazon EFS file system that uses max IO performance mode. Mount the EFS file system on each EC2 instance in the cluster. Okay, let's break down the requirements for this storage solution. This is key to finding the right answer. We need storage that is shared. All nodes in the cluster need read/write access to a common storage layer. Multi-AZ. The EC2 instances are in multiple availability zones. So the storage must be accessible from all of them. Pussix compatible. It must behave like a standard Linux file system. High throughput. It's for a big data analytics cluster which means performance specifically throughput is a top priority.",Provision a new Amazon EFS file system that uses max IO performance mode. This is the correct answer. Like option,,,C
SAP-C02,Task 1.2: Prescribe security controls.,A company needs to use an AWS transfer family SFTP enabled server with an Amazon S3 bucket to receive updates from a third party data supplier. The data is encrypted with pretty good privacy. PGP encryption. The company needs a solution that will automatically decrypt the data after the company receives the data. A solutions architect will use a transfer family managed workflow. The company has created an IM service role by using an IM policy that allows access to AWS secrets manager and the S3 bucket. The ROS's trust relationship allows the ROS's trust relationship allows the https/www.google.com/archquest google.com/archquest mark Q equals sign transfer Amazon AWS.com service to assume the role. What should the solutions architect do next to complete the solution for automatic decryption?,Store the PGP public key in secrets manager. Add a nominal step in the transfer family managed workflow to decrypt files. Configure PGP encryption parameters in the nominal step. Associate the workflow with the transfer family server.,Store the PGP private key in secrets manager. Add an exception handling step in the transfer family managed workflow to decrypt files. Configure PGP encryption parameters in the exception handler. Associate the workflow with the SFTP user.,Store the PGP private key in secrets manager. Add a nominal step in the transfer family managed workflow to decrypt files. Configure PGP decryption parameters in the nominal step. Associate the workflow with the transfer family server.,Store the PGP public key in secrets manager. Add an exception handling step in the transfer family managed workflow to decrypt files. Configure PGP decryption parameters in the exception handler. Associate the workflow with the SFTP user.,,,C
SAP-C02,Task 1.5: Determine cost optimization and visibility strategies.,An entertainment company hosts a ticketing service on a fleet of Linux Amazon EC2 instances that are in an autoscaling group. The ticketing service uses a pricing file. The pricing file is stored in an Amazon S3 bucket that has S3 standard storage. A central pricing solution that is hosted by a third party updates the pricing file. The pricing file is updated every 1 to 15 minutes and has several thousand line items. The pricing file is downloaded to each EC2 instance when the instance launches. The EC2 instances occasionally use outdated pricing information that can result in incorrect charges for customers. Which solution will resolve this problem most cost-effectively?,Create an AWS Lambda function to update an Amazon DynamoB table with new prices each time the pricing file is updated. Update the ticketing service to use Dynamob to look up pricing.,Create an AWS Lambda function to update an Amazon elastic file system. Amazon EFS file share with the pricing file each time the file is updated. Update the ticketing service to use Amazon EFS to access the pricing file.,Load mountpoint for Amazon S3 onto the AMI of the EC2 instances. Configure mount point for Amazon S3 to mount the S3 bucket that contains the pricing file. Update the ticketing service to point to the mount point and path to access the S3 object.,"Create an Amazon Elastic Block Store Amazon EBS volume. Use EBS multiattach to attach the volume to every EC2 instance. When a new EC2 instance launches, configure the new instance to update the pricing file on the EBS volume. Update the ticketing service to point to the new local source. Okay. The heart of",,,C
SAP-C02,Task 1.4: Design a multi-account AWS environment.,"A company hosts a data processing application on Amazon EC2 instances. The application pulls an Amazon Elastic File System, Amazon EFS file system for newly uploaded files. When a new file is detected, the application extracts data from the file and runs logic to select a Docker container image to process the file. The application starts the appropriate container image and passes the file location as a parameter. The data processing that the container performs can take up to 2 hours. When the processing is complete, the code that runs inside the container writes the file back to Amazon EFS and exits. The company needs to refactor the application to eliminate the EC2 instances that are running the containers. Which solution will meet these requirements?",Create an Amazon elastic container service Amazon ECS cluster. Configure the processing to run as AWS Fargate tasks. Extract the container selection logic to run as an Amazon event bridge rule that starts the appropriate Fargate task. Configure the event bridge rule to run when files are added to the EFS file system.,Create an Amazon elastic container service Amazon ECS cluster. Configure the processing to run as AWS Fargate tasks. Update and containerize the container selection logic to run as a Fargate service that starts the appropriate Fargate task. Configure an EFS event notification to invoke the Fargate service when files are added to the EFS file system.,Create an Amazon Elastic Container Service Amazon ECS cluster. Configure the processing to run as AWS Fargate tasks. Extract the container selection logic to run as an AWS Lambda function that starts the appropriate Fargate task. Migrate the storage of file uploads to an Amazon S3 bucket. Update the processing code to use Amazon S3. Configure an S3 event notification to invoke the Lambda function when objects are created.,"Create AWS Lambda container images for the processing. Configure Lambda functions to use the container images. Extract the container selection logic to run as a decision Lambda function that invokes the appropriate Lambda processing function. Migrate the storage of file uploads to an Amazon S3 bucket. Update the processing code to use Amazon S3. Configure an S3 event notification to invoke the decision lambda function when objects are created. Okay. To solve this,",,,C
SAP-C02,Task 1.1: Architect network connectivity strategies.,An events company runs a ticketing platform on AWS. The company's customers configure and schedule their events on the platform. The events result in large increases of traffic to the platform. The company knows the date and time of each customer's events. The company runs the platform on an Amazon Elastic Container Service Amazon ECS cluster. The ECS cluster consists of Amazon EC2 on demand instances that are in an autoscaling group. The autoscaling group uses a predictive scaling policy. The ECS cluster makes frequent requests to an Amazon S3 bucket to download ticket assets. The ECS cluster and the S3 bucket are in the same AWS region and the same AWS account. Traffic between the ECS cluster and the S3 bucket flows across a NAT gateway. The company needs to optimize the cost of the platform without decreasing the platform's availability. Which combination of steps will meet these requirements? Choose to A create a gateway VPC endpoint for the S3 bucket.,Choose to A create a gateway VPC endpoint for the S3 bucket.,Add another ECS capacity provider that uses an autoscaling group of spot instances. Configure the new capacity provider strategy to have the same weight as the existing capacity provider strategy.,Create on demand capacity reservations for the applicable instance type for the time period of the scheduled scaling policies.,Enable S3 transfer acceleration on the S3 bucket.,Replace the predictive scaling policy with scheduled scaling policies for the scheduled events.,,"A,E"
SAP-C02,Task 1.1: Architect network connectivity strategies.,"A company runs an application in the cloud that consists of a database and a website. Users can post data to the website, have the data processed, and have the data sent back to them in an email. Data is stored in a MySQL database running on an Amazon EC2 instance. The database is running in a VPC with two private subnets. The website is running on Apache Tomcat in a single EC2 instance in a different VPC with one public subnet. There is a single VPC peering connection between the database and website VPC. The website has suffered several outages during the last month due to high traffic. Which actions should a solutions architect take to increase the reliability of the application? Choose three.",Place the Tomcat server in an autoscaling group with multiple EC2 instances behind an application load balancer.,Provision an additional VPC peering connection.,Migrate the MySQL database to Amazon Aurora with one Aurora replica.,Provision two NAT gateways in the database VPC.,Move the Tomcat server to the database VPC.,Create an additional public subnet in a different availability zone in the website VPC.,"A,C,F"
SAP-C02,Task 1.2: Prescribe security controls.,"A retail company is mounting IoT sensors in all of its stores worldwide. During the manufacturing of each sensor, the company's private certificate authority, CA, issues an X509 certificate that contains a unique serial number. The company then deploys each certificate to its respective sensor. A solution's architect needs to give the sensors the ability to send data to AWS after they are installed. Sensors must not be able to send data to AWS until they are installed. Which solution will meet these requirements? A create an AWS Lambda function that can validate the serial number. Create an AWS IoT core provisioning template. Include the serial number parameter in the parameters section. Add the Lambda function as a pre-provisioning hook. During manufacturing, call the register thing API operation and specify the template and parameters.","A create an AWS Lambda function that can validate the serial number. Create an AWS IoT core provisioning template. Include the serial number parameter in the parameters section. Add the Lambda function as a pre-provisioning hook. During manufacturing, call the register thing API operation and specify the template and parameters.",Create an AWS step function state machine that can validate the serial number. Create an AWS IoT core provisioning template. Include the serial number parameter in the parameters section. Specify the step function state machine to validate parameters. Call the start thing registration task API operation during installation.,Create an AWS Lambda function that can validate the serial number. Create an AWS IoT core provisioning template. Include the serial number parameter in the parameters section. Add the Lambda function as a pre-provisioning hook. Register the CA with AWS IoT core. Specify the provisioning template and set the allow autoregistration parameter.,Create an AWS IoT Core provisioning template. Include the serial number parameter in the parameters section. Include parameter validation in the template. Provision a claim certificate and a private key for each device that uses the CA. Grant AWS IoT core service permissions to update AWS IoT things during provisioning.,,,C
SAP-C02,Task 1.1: Architect network connectivity strategies.,"A team of data scientists is using Amazon SageMaker instances and SageMaker APIs to train machine learning ML models. The SageMaker instances are deployed in a VPC that does not have access to or from the internet. Data sets for ML model training are stored in an Amazon S3 bucket. Interface VPC endpoints provide access to Amazon S3 and the SageMaker APIs. Occasionally, the data scientists require access to the Python package index Pippi repository to update Python packages that they use as part of their workflow. A solution's architect must provide access to the Pippi repository while ensuring that the SageMaker instances remain isolated from the internet. Which solution will meet these requirements?",Create an AWS code commit repository for each package that the data scientists need to access. Configure code synchronization between the Pippi repository and the code commit repository. Create a VPC endpoint for code commit.,Create a NAT gateway in the VPC. Configure VPC routes to allow access to the internet with a network ACL that allows access to only the Pippi repository endpoint.,Create a NAT instance in the VPC. Configure VPC routes to allow access to the internet. Configure SageMaker notebook instance firewall rules that allow access to only the Pippi repository endpoint.,Create an AWS code artifact domain and repository. Add an external connection for public to the code artifact repository. Configure the Python client to use the code artifact repository. Create a VPC endpoint for code artifact.,,,D
SAP-C02,Task 1.4: Design a multi-account AWS environment.,"A company uses AWS organizations to manage more than 1,000 AWS accounts. The company has created a new developer organization. There are 540 developer member accounts that must be moved to the new developer organization. All accounts are set up with all the required information so that each account can be operated as a standalone account. Which combination of steps should a solutions architect take to move all of the developer accounts to the new developer organization? Choose three.",Call the move account operation in the organization's API from the old organization's management account to migrate the developer accounts to the new developer organization.,"From the management account, remove each developer account from the old organization using the remove account from organization operation in the organization's API.",from each developer account. Remove the account from the old organization using the remove account from organization operation in the organization's API. Dign to the new developer organizations management account and create a placeholder member account that acts as a target for the developer account migration. E call the invite account toorgganization operation in the organizations API from the new developer organizations management account to send invitations to the developer accounts.,create a placeholder member account. This is incorrect. There is no concept of a placeholder account for this process. You invite the actual existing AWS account using its account ID or root email address. This step is unnecessary and not part of the correct procedure.,Call the invite account to organization operation from the new developer organizations management account. This is a correct step. Once the developer accounts have been removed from the old organization and are standalone as done in step,Have each developer sign into their account and confirm to join the new developer organization.,"B,E,F"
SAP-C02,Task 1.1: Architect network connectivity strategies.,"A company owns a chain of travel agencies and is running an application in the AWS cloud. Company employees use the application to search for information about travel destinations. Destination content is updated four times each year. Two fixed Amazon EC2 instances serve the application. The company uses an Amazon route 53 public hosted zone with a multialue record of travel.ample.com that returns the elastic IP addresses for the EC2 instances. The application uses Amazon DynamoB as its primary data store. The company uses a self-hosted Reddus instance as a caching solution. During content updates, the load on the EC2 instances and the caching solution increases drastically. This increased load has led to downtime on several occasions. A solution's architect must update the application so that the application is highly available and can handle the load that is generated by the content updates. Which solution will meet these requirements?",Set up DynamoB accelerator DAX as in memory cache. Update the application to use DAX. Create an autoscaling group for the EC2 instances. Create an application load balancer ALB. Set the autoscaling group as a target for the ALB. Update the route 53 record to use a simple routing policy that targets the ALB's DNS alias. Configure scheduled scaling for the EC2 instances before the content updates.,Set up Amazon Elastic for Reddus. Update the application to use elastic. Create an autoscaling group for the EC2 instances. Create an Amazon CloudFront distribution and set the autoscaling group as an origin for the distribution. Update the route 53 record to use a simple routing policy that targets the CloudFront distribution's DNS alias. Manually scale up EC2 instances before the content updates.,Set up Amazon Elastic for me. Update the application to use elastic. Create an autoscaling group for the EC2 instances. Create an application load balancer ALB. Set the autoscaling group as a target for the ALB. Update the route 53 record to use a simple routing policy that targets the ALB's DNS alias. Configure scheduled scaling for the application before the content updates.,Set up DynamoB accelerator DAX as in memory cache. Update the application to use DAX. Create an autoscaling group for the EC2 instances. Create an Amazon CloudFront distribution and set the autoscaling group as an origin for the distribution. Update the route 53 record to use a simple routing policy that targets the CloudFront distribution's DNS alias. Manually scale up EC2 instances before the content updates.,,,A
SAP-C02,Task 1.2: Prescribe security controls.,A company needs to improve the security of its web-based application on AWS. The application uses Amazon CloudFront with two custom origins. The first custom origin routes requests to an Amazon API gateway HTTP API. The second custom origin routes traffic to an application load balancer ALB. The application integrates with an open ID connect OIDC identity provider IDP for user management. A security audit shows that a JSON web token JWT authorizer provides access to the API. The security audit also shows that the ALB accepts requests from unauthenticated users. A solution's architect must design a solution to ensure that all back-end services respond to only authenticated users. Which solution will meet this requirement?,Configure the ALB to enforce authentication and authorization by integrating the ALB with the IDP. Allow only authenticated users to access the back-end services.,Modify the CloudFront configuration to use signed URLs. Implement a permissive signing policy that allows any requests to access the backend services.,Create an AWSWAF web ACL that filters out unauthenticated requests at the ALB level. Allow only authenticated traffic to reach the backend services.,Enable AWS Cloud Trail to log all requests that come to the ALB. Create an AWS Lambda function to analyze the logs and block any requests that come from unauthenticated users.,,,A
SAP-C02,Task 1.4: Design a multi-account AWS environment.,"An enterprise company wants to allow its developers to purchase third party software through AWS Marketplace. The company uses an AWS organization's account structure with full features enabled and has a shared services account in each organizational unit OU that will be used by procurement managers. The procurement team's policy indicates that developers should be able to obtain thirdparty software from an approved list only and use private marketplace in AWS marketplace to achieve this requirement. The procurement team wants administration of private marketplace to be restricted to a role named procurement manager role which could be assumed by procurement managers. Other IM users, groups, roles and account administrators in the company should be denied private marketplace administrative access. What is the most efficient way to design an architecture to meet these requirements?",Create an IM role named procurement manager role in all AWS accounts in the organization. Add the power user access managed policy to the role. Apply an inline policy to all IM users and roles in every AWS account to deny permissions on the AWS private marketplace admin full access managed policy.,Create an IM role named procurement manager role in all AWS accounts in the organization. Add the administrator access managed policy to the role. Define a permissions boundary with the AWS private marketplace admin full access managed policy and attach it to all the developer roles.,Create an IM role named procurement manager role in all the shared services accounts in the organization. Add the AWS private marketplace admin full access managed policy to the role. Create an organization rootle SCP to deny permissions to administer private marketplace to everyone except the role named procurement manager role. Create another organization rootle SCP to deny permissions to create an IM role named procurement manager role to everyone in the organization.,Create an IM role named procurement manager role in all AWS accounts that will be used by developers. Add the AWS private marketplace admin full access managed policy to the role. Create an SCP in organizations to deny permissions to administer private marketplace to everyone except the role named procurement manager role. Apply the SCP to all the shared services accounts in the organization.,,,C
SAP-C02,Task 1.3: Design reliable and resilient architectures.,A company wants to migrate its on- premises application to AWS. The database for the application stores structured product data and temporary user session data. The company needs to decouple the product data from the user session data. The company also needs to implement replication in another AWS region for disaster recovery. Which solution will meet these requirements with the highest performance?,Create an Amazon RDSDB instance with separate schemas to host the product data and the user session data. Configure a read replica for the DB instance in another region.,Create an Amazon RDSDB instance to host the product data. Configure a read replica for the DB instance in another region. Create a global data store in Amazon Elastic for Memake to host the user session data.,Create two Amazon Dynamob global tables. Use one global table to host the product data. Use the other global table to host the user session data. Use Dynamob accelerator DAX for caching.,Create an Amazon RDSDB instance to host the product data. Configure a read replica for the DB instance in another region. Create an Amazon DynamoB global table to host the user session data.,,,C
SAP-C02,Task 1.3: Design reliable and resilient architectures.,"A solutions architect has launched multiple Amazon EC2 instances in a placement group within a single availability zone. Because of additional load on the system, the solutions architect attempts to add new instances to the placement group. However, the solutions architect receives an insufficient capacity error. What should the solutions architect do to troubleshoot this issue?",Use a spread placement group. Set a minimum of eight instances for each availability zone.,Stop and start all the instances in the placement group. Try the launch again.,Create a new placement group. Merge the new placement group with the original placement group.,Launch the additional instances as dedicated hosts in the placement groups.,,,B
SAP-C02,Task 2.5: Design a solution to meet performance objectives.,A media storage application uploads user photos to Amazon S3 for processing by AWS Lambda functions. Application state is stored in Amazon Dynamob tables. Users are reporting that some uploaded photos are not being processed properly. The application developers trace the logs and find that Lambda is experiencing photo processing issues when thousands of users upload photos simultaneously. The issues are the result of Lambda concurrency limits and the performance of Dynamob when data is saved. Which combination of actions should a solutions architect take to increase the performance and reliability of the application? Choose to,Evaluate and adjust the RCUs for the Dynamob tables. B evaluate and adjust the WCUs for the Dynamob tables.,Evaluate and adjust the WCUs for the Dynamo DB tables. This is a correct choice. WCUs write capacity units directly control the number of write operations a DynamoB table can handle per second. The performance issue when saving data is a classic symptom of insufficient WCUs which leads to throttling. Increasing the WCUs will allow the table to handle the high volume of simultaneous writes from the Lambda functions directly solving this part of the problem.,Add an Amazon Elastic Cache layer to increase the performance of Lambda functions.,"Add an Amazon simple Q service, Amazon SQS, Q and reprocessing logic between Amazon S3 and the Lambda functions.",Use S3 transfer acceleration to provide lower latency to users.,,"B,D"
SAP-C02,Task 1.2: Prescribe security controls.,A company is building a solution in the AWS cloud. Thousands of devices will connect to the solution and send data. Each device needs to be able to send and receive data in real time over the MQTT protocol. Each device must authenticate by using a unique X509 certificate. Which solution will meet these requirements with the least operational overhead?,Set up AWS IoT core for each device. Create a corresponding Amazon MQ and provision a certificate. Connect each device to Amazon MQ.,Create a network load balancer NLB and configure it with an AWS Lambda authorizer. Run an MQTT broker on Amazon EC2 instances in an autoscaling group. Set the autoscaling group as the target for the NLB. Connect each device to the NLB.,Set up AWS IoT core for each device. Create a corresponding AWS IoT thing and provision a certificate. Connect each device to AWS IoT core.,Set up an Amazon API gateway HTTP API and a network load balancer NLB. Create integration between API gateway and the NLB. Configure a mutual TLS certificate authorizer on the HTTP API. Run an MQTT broker on an Amazon EC2 instance that the NLB targets. Connect each device to the NLB.,,,C
SAP-C02,Task 2.4: Design a strategy to meet reliability requirements.,"A utility company wants to collect usage data every 5 minutes from its smart meters to facilitate time of use metering. When a meter sends data to AWS, the data is sent to Amazon API gateway, processed by an AWS Lambda function, and stored in an Amazon DynamoB table. During the pilot phase, the Lambda functions took from 3 to 5 seconds to complete. As more smart meters are deployed, the engineers notice the Lambda functions are taking from 1 to 2 minutes to complete. The functions are also increasing in duration as new types of metrics are collected from the devices. There are many provisioned throughput exceeded exception errors while performing put operations on DynamoB and there are also many too many requests exception errors from Lambda. Which combination of changes will resolve these issues? Choose to A increase the right capacity units to the Dynamo DB table. B increase the memory available to the Lambda functions. C increase the payload size from the smart meters to send more data. Dstream the data into an Amazon Kinesis data stream from API gateway and process the data in batches. E collect data in an Amazon SQS FIFO Q which triggers a lambda function to process each message. All right, this scenario is a textbook case of an architecture that works well at a small scale but fails under high load. The question is very helpful because it gives us the exact error messages which are our primary clues to the root causes. Provisioned throughput exceeded exception on Dynamo DB. This is an unambiguous error. It means the application is attempting to write to the DynamoB table at a higher rate than the provisioned write capacity units. WCUs allow the database is throttling the requests. Too many requests exception from lambda. In this synchronous API gateway lambda pattern, each API call triggers a lambda function. This error means the sheer volume of simultaneous requests is exceeding the Lambda services concurrency limits for the account causing invocations to be throttled. Increased Lambda duration. The functions are getting slower because they are likely retrying the throttle Dynamob put operations waiting and retrying again which extends their runtime. The solution must address both the database bottleneck and the flawed overly synchronous invocation pattern. Let's evaluate the options.","increase the right capacity units to the Dynamo DB table. This is a correct choice. This action directly addresses the provisioned throughput exceeded exception errors. By increasing the WCUs on the Dynamo DB table, you provision more right throughput allowing the table to handle the higher volume of put operations from the scaled out application without throttling.","Increase the memory available to the Lambda functions. This is incorrect. Increasing a lambda functions memory also increases its CPU allocation. However, the problem is not that the function is CPUbound or memory constrained. The problem is that it is I/Obound waiting for a downstream service Dynamob that is throttling it. Giving the function more power will not make the database accept writes any faster.","Increase the payload size from the smart meters to send more data. This is incorrect. Sending more data per request would likely exacerbate the problem by increasing the processing time and the amount of data to be written to DynamoB per invocation without fixing the underlying architectural issues. Dstream the data into an Amazon Kinesis data stream from API gateway and process the data in batches. This is a correct choice. This is a fundamental architectural improvement that solves the too many requests exception. Instead of a synchronous one col one invocation, API gateway can be configured to quickly put records into a Kinesis data stream. Kinesis is designed to ingest massive volumes of streaming data. The Lambda function is then invoked with a batch of records from the stream. This decouples the ingestion from the processing, dramatically reduces the number of Lambda invocations, and allows for more efficient batch writes to Dynamob. This is the standard pattern for high throughput data ingestion. E collect data in an Amazon SQS FIFOQ. This option is plausible but not the best choice. While using a Q is the right idea to buffer requests, an SQS FIFOQ is designed for strict ordering and exactly once processing, which comes at the cost of significantly lower throughput compared to Kinesis or even SQS standard Q's. For a high volume smart meter use case, the throughput limits of a FIFOQ could become the new bottleneck. Kinesis data streams as in option","is the purpose-built service for this type of high-vol data streaming. Therefore, the correct answers are A and",,,"A,D"
SAP-C02,Task 1.1: Architect network connectivity strategies.,A company has many services running in its on premises data center. The data center is connected to AWS using AWS Direct Connect DX and an AWS using AWS Direct Connect DX and an IPSecVPN. The service data is sensitive and connectivity cannot traverse the internet. The company wants to expand into a new market segment and begin offering its services to other companies that are using AWS. Which solution will meet these requirements? Create a VPC endpoint service that accepts TCP traffic. host it behind a network load balancer and make the service available over DX.,Create a VPC endpoint service that accepts TCP traffic. host it behind a network load balancer and make the service available over DX.,Create a VPC endpoint service that accepts HTTP or HTTPS traffic. Host it behind an application load balancer and make the service available over DX.,Attach an internet gateway to the VPC and ensure that network access control and security group rules allow the relevant inbound and outbound traffic.,Attach a NAT gateway to the VPC and ensure that network access control and security group rules allow the relevant inbound and outbound traffic.,,,A
SAP-C02,Task 2.4: Design a strategy to meet reliability requirements.,"A company has an application that uses Amazon EC2 instances in an autoscaling group. The quality assurance QA department needs to launch a large number of short-lived environments to test the application. The application environments are currently launched by the manager of the department using an AWS cloud for template. To launch the stack, the manager uses a role with permission to use cloud for EC2 and autoscaling APIs. The manager wants to allow testers to launch their own environments but does not want to grant broad permissions to each user. Which setup would achieve these goals?",Upload the AWS cloud for template to Amazon S3. Give users in the QA department permission to assume the manager's role and add a policy that restricts the permissions to the template and the resources it creates. Train users to launch the template from the cloud for console.,Create an AWS service catalog product from the environment template. Add a launch constraint to the product with the existing role. Give users in the QA department permission to use AWS service catalog APIs only. Train users to launch the template from the AWS service catalog console.,Upload the AWS cloud for template to Amazon S3. Give users in the QA department permission to use cloud form and S3 APIs with conditions that restrict the permissions to the template and the resources it creates. Train users to launch the template from the cloud for console.,Create an AWS elastic beantock application from the environment template. Give users in the QA department permission to use elastic beantock permissions only. Train users to launch elastic beantock environments with the elastic beantock cli passing the existing role to the environment as a service role.,,,B
SAP-C02,Task 1.1: Architect network connectivity strategies.,"A company has a website that serves many visitors. The company deploys a back-end service for the website in a primary AWS region and a disaster recovery DR region. A single Amazon CloudFront distribution is deployed for the website. The company creates an Amazon Route 53 record set with health checks and a failover routing policy for the primary region's back-end service. The company configures the route 53 record set as an origin for the CloudFront distribution. The company configures another record set that points to the backend services endpoint in the DR region as a secondary failover record type. The TTL for both record sets is 60 seconds. Currently, failover takes more than 1 minute. A solution's architect must design a solution that will provide the fastest failover time. Which solution will achieve this goal.",Deploy an additional CloudFront distribution. Create a new route 53 failover record set with health checks for both CloudFront distributions.,Set the TTL to 4 seconds for the existing route 53 record sets that are used for the backend service in each region.,Create new record sets for the backend services by using a latency routing policy. Use the record sets as an origin in the CloudFront distribution.,"Create a CloudFront origin group that includes two origins, one for each backend service region. Configure origin failover as a cache behavior for the CloudFront distribution.",,,D
SAP-C02,Task 1.5: Determine cost optimization and visibility strategies.,"A company is collecting a large amount of data from a fleet of IoT devices. Data is stored as optimized row columnar OC files in the Hadoop distributed file system HDFS on a persistent Amazon EMR cluster. The company's data analytics team queries the data by using SQL in Apache Presto deployed on the same EMR cluster. Queries scan large amounts of data, always run for less than 15 minutes, and run only between 5:00 p.m. and 10 p.m. The company is concerned about the high cost associated with the current solution. A solution's architect must propose the most cost-effective solution that will allow SQL data queries. Which solution will meet these requirements? Store data in Amazon S3. Use Amazon Redshift Spectrum to query data.",Store data in Amazon S3. Use Amazon Redshift Spectrum to query data.,Store data in Amazon S3. Use the AWS Glue data catalog and Amazon Athena to query data.,Store data in EMR file system. EMRFS. Use Presto in Amazon EMR to query data.,Store data in Amazon Redshift. Use Amazon Redshift to query data.,,,B
SAP-C02,Task 4.4: Determine opportunities for modernization and enhancements.,A company is building an application that will run on an AWS Lambda function. Hundreds of customers will use the application. The company wants to give each customer a quota of requests for a specific time period. The quotas must match customer usage patterns. Some customers must receive a higher quota for a shorter time period. Which solution will meet these requirements?,Create an Amazon API gateway rest API with a proxy integration to invoke the Lambda function for each customer. Configure an API gateway usage plan that includes an appropriate request quota. Create an API key from the usage plan for each user that the customer needs.,Create an Amazon API gateway HTTP API with a proxy integration to invoke the Lambda function for each customer. Configure an API gateway usage plan that includes an appropriate request quota. Configure route level throttling for each usage plan. Create an API key from the usage plan for each user that the customer needs.,Create a Lambda function alias for each customer. Include a concurrency limit with an appropriate request quota. Create a Lambda function URL for each function alias. Share the Lambda function URL for each alias with the relevant customer.,Create an application load balancer ALB in a VPC. Configure the Lambda function as a target for the ALB. Configure an AWSWAF web ACL for the ALB for each customer. Configure a ratebased rule that includes an appropriate request quota.,,,A
SAP-C02,Task 1.1: Architect network connectivity strategies.,A financial company is planning to migrate its web application from on premises to AWS. The company uses a third-party security tool to monitor the inbound traffic to the application. The company has used the security tool for the last 15 years and the tool has no cloud solutions available from its vendor. The company's security team is concerned about how to integrate the security tool with AWS technology. The company plans to deploy the application migration to AWS on Amazon EC2 instances. The EC2 instances will run in an autoscaling group in a dedicated VPC. The company needs to use the security tool to inspect all packets that come in and out of the VPC. This inspection must occur in real time and must not affect the application's performance. A solutions architect must design a target architecture on AWS that is highly available within an AWS region. Which combination of steps should the solutions architect take to meet these requirements? Choose to A deploy the security tool on EC2 instances in a new autoscaling group in the existing VPC. B deploy the web application behind a network load balancer.,Choose to A deploy the security tool on EC2 instances in a new autoscaling group in the existing VPC. B deploy the web application behind a network load balancer.,"Deploy the web application behind a network load balancer. This is incorrect. While the application itself will likely need a load balancer, this option doesn't solve the core problem of how to inspect the traffic. Placing a load balancer in front of the application doesn't help route traffic through the security appliances. The inspection needs to happen before traffic reaches the application's entry point.",Deploy an application load balancer in front of the security tool instances.,Provision a gateway load balancer for each availability zone to redirect the traffic to the security tool.,Provision a transit gateway to facilitate communication between VPCs.,,"A,D"
SAP-C02,Task 2.5: Design a solution to meet performance objectives.,"A company is running an application in the AWS cloud. The application runs on containers in an Amazon elastic container service Amazon ECS cluster. The ECS tasks use the Fargate launch type. The application's data is relational and is stored in Amazon Aurora MySQL. To meet regulatory requirements, the application must be able to recover to a separate AWS region in the event of an application failure. In case of a failure, no data can be lost. Which solution will meet these requirements with the least amount of operational overhead? Provision an Aurora replica in a different region.",Provision an Aurora replica in a different region.,Set up AWS data sync for continuous replication of the data to a different region.,Set up AWS database migration service AWSDMS to perform a continuous replication of the data to a different region.,"Use Amazon Data Life Cycle Manager, Amazon DLM to schedule a snapshot every 5 minutes.",,,A
SAP-C02,Task 1.1: Architect network connectivity strategies.,A company needs to architect a hybrid DNS solution. This solution will use an Amazon Route 53 private hosted zone for the domaincloud.ample.com for the resources stored within VPCs. The company has the following DNS resolution requirements. On premises systems should be able to resolve and connect to cloud.acample.com. All VPCs should be able to resolve cloud.agample.com. example.com. There is already an AWS direct connect connection between the on- premises corporate network and AWS transit gateway. Which architecture should the company use to meet these requirements with the highest performance?,Associate the private hosted zone to all the VPCs. Create a route 53 inbound resolver in the shared services VPC. Attach all VPCs to the transit gateway and create forwarding rules in the on- premises DNS server for cloud.acample.com that point to the inbound resolver.,Associate the private hosted zone to all the VPCs. Deploy an Amazon EC2 conditional forwarder in the shared services VPC. Attach all VPCs to the transit gateway and create forwarding rules in the on- premises DNS server for cloud.agample.com that point to the conditional forwarder.,Associate the private hosted zone to the shared services VPC. Create a route 53 outbound resolver in the shared services VPC. Attach all VPCs to the transit gateway and create forwarding rules in the on- premises DNS server for cloud.ample.com that point to the outbound resolver.,Associate the private hosted zone to the shared services VPC. Create a route 53 inbound resolver in the shared services VPC. Attach the shared services VPC to the transit gateway and create forwarding rules in the on- premises DNS server for cloud.agample.com that point to the inbound resolver.,,,A
SAP-C02,Task 2.2: Design a solution to ensure business continuity.,A company wants to use AWS to create a business continuity solution in case the company's main on premises application fails. The application runs on physical servers that also run other applications. The on- premises application that the company is planning to migrate uses a MySQL database as a data store. All the company's on premises applications use operating systems that are compatible with Amazon EC2. Which solution will achieve the company's goal with the least operational overhead?,"Install the AWS replication agent on the source servers, including the MySQL servers. Set up replication for all servers. Launch test instances for regular drills. Cut over to the test instances to fail over the workload in the case of a failure event.",Install the AWS replication agent on the source servers including the MySQL servers. Initialize AWS elastic disaster recovery in the target AWS region. Define the launch settings. Frequently perform failover and fallback from the most recent point in time.,Create AWS database migration service. AWSDMS replication servers and a target Amazon Aurora MySQL DB cluster to host the database. Create a DMS replication task to copy the existing data to the target DB cluster. Create a local AWS schema conversion tool. AWS SCT change data capture CDC task to keep the data synchronized. Install the rest of the software on EC2 instances by starting with a compatible base AMI.,Deploy an AWS storage gateway volume gateway on premises. Mount volumes on all on premises servers. Install the application and the MySQL database on the new volumes. Take regular snapshots. Install all the software on EC2 instances by starting with a compatible base AMI. Launch a volume gateway on an EC2 instance. Restore the volumes from the latest snapshot. Mount the new volumes on the EC2 instances in the case of a failure event.,,,B
SAP-C02,Task 3.1: Determine a strategy to improve overall operational excellence.,A company uses a graphana data visualization solution that runs on a single Amazon EC2 instance to monitor the health of the company's AWS workloads. The company has invested time and effort to create dashboards that the company wants to preserve. The dashboards need to be highly available and cannot be down for longer than 10 minutes. The company needs to minimize ongoing maintenance. Which solution will meet these requirements with the least operational requirements with the least operational overhead? Migrate to Amazon Cloudatch dashboards. Recreate the dashboards to match the existing Graphana dashboards. Use automatic dashboards where possible.,Migrate to Amazon Cloudatch dashboards. Recreate the dashboards to match the existing Graphana dashboards. Use automatic dashboards where possible.,Create an Amazon managed Graphana workspace. Configure a new Amazon Cloudatch data source. Export dashboards from the existing Graphana instance. Import the dashboards into the new workspace.,"Create an AMI that has Graphana pre-installed. Store the existing dashboards in Amazon Elastic File System. Amazon EFS. Create an autoscaling group that uses the new AMI. Set the autoscaling group's minimum, desired, and maximum number of instances to one. Create an application load balancer that serves at least two availability zones.",Configure AWS backup to backup the EC2 instance that runs Graphana once each hour. Restore the EC2 instance from the most recent snapshot in an alternate availability zone when required.,,,B
SAP-C02,Task 2.5: Design a solution to meet performance objectives.,A company is running several workloads in a single AWS account. A new company policy states that engineers can provision only approved resources and that engineers must use AWS cloud formation to provision these resources. A solutions architect needs to create a solution to enforce the new restriction on the IM role that the engineers use for access. What should the solutions architect do to create the solution? Upload AWS cloud for templates that contain approved resources to an Amazon S3 bucket. Update the IM policy for the engineer's IM role to only allow access to Amazon S3 and AWS cloud form. Use AWS cloud for templates to provision resources.,Upload AWS cloud for templates that contain approved resources to an Amazon S3 bucket. Update the IM policy for the engineer's IM role to only allow access to Amazon S3 and AWS cloud form. Use AWS cloud for templates to provision resources.,Update the IM policy for the engineers IM role with permissions to only allow provisioning of approved resources and AWS cloud form. Use AWS cloud form templates to create stacks with approved resources.,Update the IM policy for the engineer's IM role with permissions to only allow AWS cloud for actions. Create a new IM policy with permission to provision approved resources and assign the policy to a new IM service role. Assign the IM service role to AWS cloud form during stack creation.,Provision resources in AWS cloud form stacks. Update the IM policy for the engineers IM role to only allow access to their own AWS cloud for stack.,,,C
SAP-C02,Task 4.2: Determine the optimal migration approach for existing workloads.,"A company needs to migrate its website from an on premises data center to AWS. The website consists of a load balancer, a content management system, CMS that runs on a Linux operating system, and the MySQL database. The CMS requires persistent NFS compatible storage for a file system. The new solution on AWS must be able to scale from two Amazon EC2 instances to 30 EC2 instances in response to unpredictable traffic increases. The new solution also must require no changes to the website and must prevent data loss. Which solution will meet these requirements?","Create an Amazon elastic file system, Amazon EFS file system. Deploy the CMS to AWS elastic beantock with an application load balancer and an autoscaling group. Use extensions to mount the EFS file system to the EC2 instances. Create an Amazon Aurora MySQL database that is separate from the elastic beantock environment.","Create an Amazon elastic block store, Amazon EBS multi-attach volume. Deploy the CMS to AWS elastic beantoalk with a network load balancer and an autoscaling group. Use extensions to mount the EBS volume to the EC2 instances. Create an Amazon RDS for MySQL database in the Elastic Beantock environment.",Create an Amazon Elastic file system. Amazon EFS file system. Create a launch template and an autoscaling group to launch EC2 instances to support the CMS. Create a network load balancer to distribute traffic. Create an Amazon Aurora MySQL database. Use an EC2 autoscaling scale-in life cycle hook to mount the EFS file system to the EC2 instances.,Create an Amazon elastic block store Amazon EBS multi-attach volume. Create a launch template and an autoscaling group to launch EC2 instances to support the CMS. Create an application load balancer to distribute traffic. Create an Amazon elastic for Reddus cluster to support the MySQL database. Use EC2 user data to attach the EBS volume to the EC2 instances.,,,A
SAP-C02,Task 2.5: Design a solution to meet performance objectives.,"A company is hosting a three- tier web application in an on- premises environment. Due to a recent surge in traffic that resulted in downtime and a significant financial impact, company management has ordered that the application be moved to AWS. The application is written innet and has a dependency on a MySQL database. A solution's architect must design a scalable and highly available solution to meet the demand of 200,000 daily users. Which steps should the solutions architect take to design an appropriate solution?",Use AWS elastic beantock to create a new application with a web server environment and an Amazon RDS MySQL multiazb instance. The environment should launch a network load balancer NLB in front of an Amazon EC2 autoscaling group in multiple availability zones. Use an Amazon Route 53 alias record to route traffic from the company's domain to the NLB.,Use AWS Cloud Formation to launch a stack containing an application load balancer ALB in front of an Amazon EC2 autoscaling group spanning three availability zones. The stack should launch a multi-AZ deployment of an Amazon Aurora MySQL DB cluster with a retain deletion policy. Use an Amazon route 53 alias record to route traffic from the company's domain to the ALB.,Use AWS elastic beantock to create an automatically scaling web server environment that spans two separate regions with an application load balancer ALB in each region. Create a multi-AZ deployment of an Amazon Aurora MySQL DB cluster with a cross region read replica. Use Amazon Route 53 with a geoproximity routing policy to route traffic between the two regions.,Use AWS Cloud Formation to launch a stack containing an application load balancer ALB in front of an Amazon ECS cluster of spot instances spanning three availability zones. The stack should launch an Amazon RDS MySQL DB instance with a snapshot deletion policy. Use an Amazon route 53 alias record to route traffic from the company's domain to the ALB.,,,"B,A"
SAP-C02,Task 1.1: Architect network connectivity strategies.,A company has registered 10 new domain names. The company uses the domains for online marketing. The company needs a solution that will redirect online visitors to a specific URL for each domain. All domains and target URLs are defined in a JSON document. All DNS records are managed by Amazon Route 53. A solutions architect must implement a redirect service that accepts HTTP and HTTPS requests. Which combination of steps should the solutions architect take to meet these requirements with the least amount of operational effort? Choose three. Create a dynamic web page that runs on an Amazon EC2 instance. Configure the web page to use the JSON document in combination with the event message to look up and respond with a redirect URL.,Choose three. Create a dynamic web page that runs on an Amazon EC2 instance. Configure the web page to use the JSON document in combination with the event message to look up and respond with a redirect URL.,Create an application load balancer that includes HTTP and HTTPS listeners.,Create an AWS Lambda function that uses the JSON document in combination with the event message to look up and respond with a redirect URL.,Use an Amazon API gateway API with a custom domain to publish an AWS Lambda function.,Create an Amazon CloudFront distribution. Deploy a Lambda at edge function.,Create an SSL certificate by using AWS certificate manager ACM. Include the domains as subject alternative names.,"C,E,F"
SAP-C02,Task 2.1: Design a deployment strategy to meet business requirements.,"A company has a serverless application comprised of Amazon CloudFront, Amazon API gateway, and AWS Lambda functions. The current deployment process of the application code is to create a new version number of the Lambda function and run an AWS CLI script to update. If the new function version has errors, another CLI script reverts by deploying the previous working version of the function. The company would like to decrease the time to deploy new versions of the application logic provided by the Lambda functions and also reduce the time to detect and revert when errors are identified. How can this be identified. How can this be accomplished? Create and deploy nested AWS cloud for stacks with the parent stack consisting of the AWS CloudFront distribution and API gateway and the child stack containing the Lambda function. For changes to Lambda, create an AWS cloud for change set and deploy. If errors are triggered, revert the AWS cloud formation change set to the previous version.","Create and deploy nested AWS cloud for stacks with the parent stack consisting of the AWS CloudFront distribution and API gateway and the child stack containing the Lambda function. For changes to Lambda, create an AWS cloud for change set and deploy. If errors are triggered, revert the AWS cloud formation change set to the previous version.",Use AWS SAM and built-in AWS code deploy to deploy the new Lambda version. Gradually shift traffic to the new version and use pre-tra and post traffic test functions to verify code. Roll back if Amazon Cloudatch alarms are triggered.,"Refactor the AWS CLI scripts into a single script that deploys the new Lambda version. When deployment is completed, the script tests execute. If errors are detected, revert to the previous Lambda version.",Create and deploy an AWS cloud for stack that consists of a new API gateway endpoint that references the new Lambda version. Change the CloudFront origin to the new API gateway endpoint. monitor errors and if detected change the AWS CloudFront origin to the previous API gateway endpoint.,,,B
SAP-C02,Task 4.2: Determine the optimal migration approach for existing workloads.,A company is planning to migrate its business critical applications from an on- premises data center to AWS. The company has an on premises installation of a Microsoft SQL server always on cluster. The company wants to migrate to an AWS managed database service. A solution's architect must design a heterogeneous database migration on AWS. Which solution will meet these requirements?,Migrate the SQL server databases to Amazon RDS for MySQL by using backup and restore utilities.,Use an AWS Snowball Edge storage optimized device to transfer data to Amazon S3. Set up Amazon RDS for MySQL. Use S3 integration with SQL Server features such as bulk insert.,Use the AWS schema conversion tool to translate the database schema to Amazon RDS for MySQL. Then use AWS database migration service AWSDMS to migrate the data from on premises databases to Amazon RDS.,Use AWS data sync to migrate data over the network between on premises storage and Amazon S3. Set up Amazon RDS for MySQL. Use S3 integration with SQL server features such as bulk insert.,,,C
SAP-C02,Task 1.1: Architect network connectivity strategies.,A company recently completed a successful proof of concept of Amazon Workspaces. A solutions architect needs to make the solution highly available across two AWS regions. Amazon Workspaces is deployed in a failover region and a hosted zone is deployed in Amazon Route 53. What should the solutions architect do to configure high availability for the solution?,Create a connection alias in the primary region and in the failover region. Associate the connection aliases with a directory in each region. Create a route 53 failover routing policy. Set evaluate target health to yes.,Create a connection alias in the primary region and in the failover region. Associate the connection aliases with a directory in the primary region. Create a route 53 multivalue answer routing policy.,Create a connection alias in the primary region. Associate the connection alias with a directory in the primary region. Create a route 53 weighted routing policy.,Create a connection alias in the primary region. Associate the connection alias with a directory in the failover region. Create a route 53 failover routing policy. Set evaluate target health to yes.,,,A
SAP-C02,Task 1.5: Determine cost optimization and visibility strategies.,"A car rental company has built a serverless REST API to provide data to its mobile app. The app consists of an Amazon API gateway API with a regional endpoint, AWS Lambda functions, and an Amazon Aurora MySQL serverless DB cluster. The company recently opened the API to mobile apps of partners. A significant increase in the number of requests resulted, causing sporadic database memory errors. Analysis of the API traffic indicates that clients are making multiple HTTP get requests for the same queries in a short period of time. Traffic is concentrated during business hours with spikes around holidays and other events. The company needs to improve its ability to support the additional usage while minimizing the increase in costs associated with the solution. Which strategy meets these requirements?",Convert the API gateway regional endpoint to an edge optimized endpoint. Enable caching in the production stage.,Implement an Amazon elastic cache for Reddis cache to store the results of the database calls. Modify the Lambda functions to use the cache.,Modify the Aurora serverless DB cluster configuration to increase the maximum amount of available memory.,Enable throttling in the API gateway production stage. Set the rate and burst values to limit the incoming calls.,,,"B,A"
SAP-C02,Task 1.1: Architect network connectivity strategies.,A company is planning to migrate its on- premises VMware cluster of 120 VMs to AWS. The VMs have many different operating systems and many custom software packages installed. The company also has an on- premises NFS server that is 10 terabytes in size. The company has set up a 10 Gbits per second AWS Direct Connect connection to AWS for the migration. Which solution will complete the migration to AWS in the least amount of time?,Export the on- premises VMs and copy them to an Amazon S3 bucket. Use VM import. Export to create AMIs from the VM images that are stored in Amazon S3. Order an AWS Snowball Edge device. Copy the NFS server data to the device. Restore the NFS server data to an Amazon EC2 instance that has NFS configured.,Configure AWS application migration service with a connection to the VMware cluster. Create a replication job for the VMS. Create an Amazon elastic file system. Amazon EFS file system. Configure AWS data sync to copy the NFS server data to the EFS file system over the direct connect connection.,Recreate the VMs on AWS as Amazon EC2 instances. Install all the required software packages. Create an Amazon FSX for Luster file system. Configure AWS data sync to copy the NFS server data to the FSX for Lustre file system over the direct connect connection.,Order two AWS Snowball Edge devices. Copy the VMs and the NFS server data to the devices. Run VM import. Export after the data from the devices is loaded to an Amazon S3 bucket. Create an Amazon Elastic file system. Amazon EFS file system. Copy the NFS server data from Amazon S3 to the EFS file system.,,,B
SAP-C02,Task 1.5: Determine cost optimization and visibility strategies.,A company wants to migrate to AWS. The company is running thousands of VMs in a VMware ESG environment. The company has no configuration management database and has little knowledge about the utilization of the VMware portfolio. A solution's architect must provide the company with an accurate inventory so that the company can plan for a cost-effective migration. Which solution will meet these requirements with the least operational overhead? A use AWS systems manager patch manager to deploy migration evaluator to each VM. Review the collected data in Amazon Quicksite. Identify servers that have high utilization. Remove the servers that have high utilization from the migration list. Import the data to AWS migration hub.,A use AWS systems manager patch manager to deploy migration evaluator to each VM. Review the collected data in Amazon Quicksite. Identify servers that have high utilization. Remove the servers that have high utilization from the migration list. Import the data to AWS migration hub.,Export the VMware portfolio to a CSV file. Check the disk utilization for each server. Remove servers that have high utilization. Export the data to AWS application migration service. Use AWS server migration service AWS SMS to migrate the remaining servers.,Deploy the migration evaluator agentless collector to the ESG hypervisor. Review the collected data in migration evaluator. Identify inactive servers. Remove the inactive servers from the migration list. Import the data to AWS migration hub.,"Deploy the AWS application migration service agent to each VM. When the data is collected, use Amazon Redshift to import and analyze the data. Use Amazon Quicksite for data visualization.",,,C
SAP-C02,Task 1.3: Design reliable and resilient architectures.,A company is running a critical application that uses an Amazon RDS for MySQL database to store data. The RDSDB instance is deployed in multi-AZ mode. A recent RDS database failover test caused a 40-cond outage to the application. A solutions architect needs to design a solution to reduce the outage time to less than 20 seconds. Which combination of steps should the solutions architect take to meet these requirements? Choose take to meet these requirements? Choose three. Use Amazon elastic for me in front of the database.,Choose take to meet these requirements? Choose three. Use Amazon elastic for me in front of the database.,Use Amazon Elastic for Reddus in front of the database.,Use RDS proxy in front of the database.,Migrate the database to Amazon Aurora MySQL.,Create an Amazon Aurora replica.,Create an RDS for MySQL read replica.,"C,D,E"
SAP-C02,Task 1.3: Design reliable and resilient architectures.,A company plans to migrate a legacy on premises application to AWS. The application is a Java web application that runs on Apache Tomcat with a PostgreSQL database. The company does not have access to the source code but can deploy the application Java archive JR files. The application has increased traffic at the end of each month. Which solution will meet these requirements with the least operational requirements with the least operational overhead? Launch Amazon EC2 instances in multiple availability zones. Deploy Tomcat and PostgresQL to all the instances by using Amazon Elastic File System. Amazon EFS mount points. Use AWS Step Functions to deploy additional EC2 instances to scale for increased traffic.,Launch Amazon EC2 instances in multiple availability zones. Deploy Tomcat and PostgresQL to all the instances by using Amazon Elastic File System. Amazon EFS mount points. Use AWS Step Functions to deploy additional EC2 instances to scale for increased traffic.,Provision Amazon Elastic Kubernetes Service Amazon EKS in an autoscaling group across multiple AWS regions. Deploy Tomcat and PostgreSQL in the container images. Use a network load balancer to scale for increased traffic.,Ref actor the Java application into Python-based containers. Use AWS Lambda functions for the application logic. Store application data in Amazon Dynamob global tables. Use AWS storage gateway and Lambda concurrency to scale for increased traffic.,Use AWS elastic beantoalk to deploy the Tomcat servers with autoscaling in multiple availability zones. Store application data in an Amazon RDS for PostgresQL database. Deploy Amazon CloudFront and an application load balancer to scale for increased traffic.,,,D
SAP-C02,Task 2.1: Design a deployment strategy to meet business requirements.,A startup company recently migrated a large e-commerce website to AWS. The website has experienced a 70% increase in sales. Software engineers are using a private GitHub repository to manage code. The DevOps team is using Jenkins for builds and unit testing. The engineers need to receive notifications for bad builds and zero downtime during deployments. The engineers also need to ensure any changes to production are seamless for users and can be rolled back in the event of a major issue. The software engineers have decided to use AWS code pipeline to manage their build and deployment process. Which solution will meet these requirements? Use GitHub websockets to trigger the code pipeline pipeline. Use the Jenkins plug-in for AWS code build to conduct unit testing. Send alerts to an Amazon SNS topic for any bad builds. Deploy in an in place all at once deployment configuration using AWS code deploy.,Use GitHub websockets to trigger the code pipeline pipeline. Use the Jenkins plug-in for AWS code build to conduct unit testing. Send alerts to an Amazon SNS topic for any bad builds. Deploy in an in place all at once deployment configuration using AWS code deploy.,Use GitHub web hooks to trigger the code pipeline pipeline. Use the Jenkins plugin for AWS code build to conduct unit testing. Send alerts to an Amazon SNS topic for any bad builds. Deploy in a blue/green deployment using AWS code deploy.,Use GitHub websockets to trigger the code pipeline pipeline. Use AWS X-Ray for unit testing and static code analysis. Send alerts to an Amazon SNS topic for any bad builds. Deploy in a blue/green deployment using AWS code deploy.,Use GitHub web hooks to trigger the code pipeline pipeline. Use AWS X-ray for unit testing and static code analysis. Send alerts to an Amazon SNS topic for any bad builds. Deploy in an in place all at once deployment configuration using AWS code deploy.,,,B
SAP-C02,Task 1.1: Architect network connectivity strategies.,"A company is migrating a legacy application from an on premises data center to AWS. The application uses MongoDB as a key value database. According to the company's technical guidelines, all Amazon EC2 instances must be hosted in a private subnet without an internet connection. In addition, all connectivity between applications and databases must be encrypted. The database must be able to scale based on demand. Which solution will meet these requirements?",Create new Amazon document DB with MongoDB compatibility tables for the application with provisioned IOPS volumes. Use the instance endpoint to connect to Amazon document DB.,Create new Amazon Dynamob tables for the application with on demand capacity. Use a gateway VPC endpoint for DynamoB to connect to the DynamoB tables.,Create new Amazon Dynamob tables for the application with on demand capacity. Use an interface VPC endpoint for DynamoB to connect to the DynamoB tables.,Create new Amazon document DB with MongoDB compatibility tables for the application with provisioned IOPS volumes. Use the cluster endpoint to connect to Amazon document DB.,,,B
SAP-C02,Task 1.3: Design reliable and resilient architectures.,A company wants to use AWS for disaster recovery for an on- premises application. The company has hundreds of Windows-based servers that run the application. All the servers mount a common share. The company has an RTO of 15 minutes and an RPO of 5 minutes. The solution must support native failover and fallback capabilities. Which solution will meet these requirements most cost effectively?,"Create an AWS storage gateway file gateway. Schedule daily Windows Server backups. Save the data to Amazon S3. During a disaster, recover the on-remises servers from the backup. During failback, run the on- premises servers on Amazon EC2 instances.","Create a set of AWS cloud for templates to create infrastructure. Replicate all data to Amazon elastic file system Amazon EFS by using AWS data sync. During a disaster, use AWS code pipeline to deploy the templates to restore the on- premises servers. Fail back the data by using data sync.","Create an AWS cloud development kit AWS CDK pipeline to stand up a multi-sight active active environment on AWS. Replicate data into Amazon S3 by using the S3 sync command. During a disaster, swap DNS endpoints to point to AWS. Fail back the data by using the S3 sync command.",Use AWS elastic disaster recovery to replicate the on- premises servers. Replicate data to an Amazon FSX for Windows file server file system by using AWS data sync. Mount the file system to AWS servers during a disaster. Fail over the on- premises servers to AWS. Fail back to new or existing servers by using elastic disaster recovery. Option,,,D
SAP-C02,Task 3.1: Determine a strategy to improve overall operational excellence.,A solutions architect is investigating an issue in which a company cannot establish new sessions in Amazon Workspaces. An initial analysis indicates that the issue involves user profiles. The Amazon Workspaces environment is configured to use Amazon FSX for Windows File Server as the profile share storage. The FSX for Windows file server file system is configured with 10 TB of storage. The solutions architect discovers that the file system has reached its maximum capacity. The solutions architect must ensure that users can regain access. The solution also must prevent the problem from occurring again. Which solution will meet these requirements? Remove old user profiles to create space. Migrate the user profiles to an Amazon FSX for Luster file system.,Remove old user profiles to create space. Migrate the user profiles to an Amazon FSX for Luster file system.,Increase capacity by using the update file system command. Implement an Amazon Cloudatch metric that monitors free space. Use Amazon Event Bridge to invoke an AWS Lambda function to increase capacity as required.,Monitor the file system by using the free storage capacity metric in Amazon Cloudatch. Use AWS step functions to increase the capacity as required.,Remove old user profiles to create space. Create an additional FSX for Windows file server file system. Update the user profile redirection for 50% of the users to use the new file system.,,,B
SAP-C02,Task 1.1: Architect network connectivity strategies.,"A company is collecting data from a large set of IoT devices. The data is stored in an Amazon S3 data lake. Data scientists perform analytics on Amazon EC2 instances that run in two public subnets in a VPC in a separate AWS account. The data scientists need access to the data lake from the EC2 instances. The EC2 instances already have an assigned role with permissions to access Amazon S3. According to company policies, only authorized networks are allowed to have access to the IoT data. Which combination of steps should a solutions architect take to meet these requirements? Choose to A create a gateway VPC endpoint for Amazon S3 in the data scientist's VPC. B create an S3 access point in the data scientist's AWS account for the data lake. C update the EC2 instance role. Add a policy with a condition that allows the S3 get object action when the value for the S3 data access point on condition key is a valid access point. ARN",Choose to A create a gateway VPC endpoint for Amazon S3 in the data scientist's VPC. B create an S3 access point in the data scientist's AWS account for the data lake. C update the EC2 instance role. Add a policy with a condition that allows the S3 get object action when the value for the S3 data access point on condition key is a valid access point. ARN,The EC2 instances already have an IM role with S3 get object permission. This is half the puzzle. We still need the S3 bucket policy in account A to grant access to that role from account,"Update the EC2 instance role. Add a policy with a condition. This is incorrect. This is an identity based policy. While it's a good security practice to restrict a role to a specific resource, it doesn't solve the authorized network requirement. If the EC2 instances credentials were to leak, this policy would not stop someone from using them from an unauthorized network. The network level restriction must be enforced on the resource, the bucket.",Update the VPC route table to route S3 traffic to an S3 access point. E add an S3 bucket policy with a condition that allows the S3 get object action when the value for the S3 data access point on condition key is a valid access point ARN.,A creates the private authorized network path. E creates the mandatory security policy on the S3 bucket that locks down access to only that authorized network path.,,"A,E"
SAP-C02,Task 1.1: Architect network connectivity strategies.,"A solutions architect has deployed a web application that serves users across two AWS regions under a custom domain. The application uses Amazon Route 53 latencybased routing. The solutions architect has associated weighted record sets with a pair of web servers in separate availability zones for each region. The solutions architect runs a disaster recovery scenario. When all the web servers in one region are stopped, route 53 does not automatically redirect users to the other region. Which of the following are possible root causes of this issue? Choose two.",The weight for the region where the web servers were stopped is higher than the weight for the other region.,One of the web servers in the secondary region did not pass its HTTP health check.,Latency resource record sets cannot be used in combination with weighted resource record sets.,The setting to evaluate target health is not turned on for the latency alias resource record set that is associated with the domain in the region where the web servers were stopped.,An HTTP health check has not been set up for one or more of the weighted resource record sets associated with the stopped web servers.,,"D,E"
SAP-C02,Task 1.2: Prescribe security controls.,A company is running applications on AWS in a multi-account environment. The company's sales team and marketing team use separate AWS accounts in AWS organizations. The sales team stores pabytes of data in an Amazon S3 bucket. The marketing team uses Amazon Quicksite for data visualizations. The marketing team needs access to data that the Sates team stores in the S3 bucket. The company has encrypted the S3 bucket with an AWS key management service AWSKMS key. The marketing team has already created the IM service role for Quicksite to provide Quicksite access in the marketing AWS account. The company needs a solution that will provide secure access to the data in the S3 bucket across AWS accounts. Which solution will meet these requirements with the least operational overhead?,Create a new S3 bucket in the marketing account. Create an S3 replication rule in the sales account to copy the objects to the new S3 bucket in the marketing account. Update the quicksite permissions in the marketing account to grant access to the new S3 bucket.,Create an SCP to grant access to the S3 bucket to the marketing account. Use AWS resource access manager AWS RAM to share the KMS key from the states account with the marketing account. Update the Quicksite permissions in the marketing account to grant access to the S3 bucket.,Update the S3 bucket policy in the marketing account to grant access to the Quicksite RO. Create a KMS grant for the encryption key that is used in the S3 bucket. Grant decrypt access to the Quicksite RO. Update the quicksite permissions in the marketing account to grant access to the S3 bucket.,"Create an IM role in the sales account and grant access to the S3 bucket. From the marketing account, assume the IM role in the sales account to access the S3 bucket. Update the quicksite wrote to create a trust relationship with the new IM role in the sales account.",,,D
SAP-C02,Task 1.3: Design reliable and resilient architectures.,"A company recently started hosting new application workloads in the AWS cloud. The company is using Amazon EC2 instances, Amazon Elastic File System, Amazon EFS file systems, and Amazon RDSDB instances. To meet regulatory and business requirements, the company must make the following changes for data backups. A backups must be retained based on custom daily, weekly, and monthly requirements. A backups must be replicated to at least one other AWS region immediately after capture. The backup solution must provide a single source of backup status across the AWS environment. The backup solution must send immediate notifications upon failure of any resource backup. Which combination of steps will meet these requirements with the least amount of operational overhead? Choose three.",Create an AWS backup plan with a backup rule for each of the retention requirements.,Configure an AWS backup plan to copy backups to another region.,Create an AWS Lambda function to replicate backups to another region and send notification if a failure occurs.,Add an Amazon simple notification service Amazon SNS topic to the backup plan to send a notification for finished jobs that have any status except backup job completed. E create an Amazon data life cycle manager Amazon DM snapshot life cycle policy for each of the retention requirements. F set up RDS snapshots on each database.,"Create an Amazon data life cycle manager DM policy is incorrect. Amazon DLM is primarily designed for managing EBS snapshots and EBSbacked AMIs. While it is useful, it does not provide the unified single pane of glass management for EFS and RDS in the same comprehensive way that AWS backup does. Using DM for EC2/ EBS while using other tools for EFS/RDS would violate the requirement for a single source of backup status. Option","set up RDS snapshots on each database is incorrect. This represents a decentralized management approach. If the company has 100 RDS instances, you would be managing 100 separate backup schedules. This makes it impossible to have a single source of status and creates a nightmare for compliance auditing. It drastically increases operational overhead compared to a centralized policy. Therefore, the correct combination of steps to create a centralized, automated, and compliant backup solution is","A,B,D"
SAP-C02,Task 1.4: Design a multi-account AWS environment.,"A company is using multiple AWS accounts and has multiple DevOps teams running production and non-production workloads in these accounts. The company would like to centrally restrict access to some of the AWS services that the DevOps teams do not use. The company decided to use AWS organizations and successfully invited all AWS accounts into the organization. They would like to allow access to services that are currently in use and deny a few specific services. Also, they would like to administer multiple accounts together as a single unit. What combination of steps should the solutions architect take to satisfy these requirements? Choose satisfy these requirements? Choose three. Use a deny list strategy.",Choose satisfy these requirements? Choose three. Use a deny list strategy.,Review the access advisor in AWS IM to determine services recently used.,Review the AWS trusted advisor report to determine services recently used.,Remove the default full AWS access SCP.,Define organizational units O use and place the member accounts in the O use.,Remove the default deny AWS access SCP.,"A,B,E"
SAP-C02,Task 1.5: Determine cost optimization and visibility strategies.,A company creates an Amazon API gateway API and shares the API with an external development team. The API uses AWS Lambda functions and is deployed to a stage that is named production. The external development team is the sole consumer of the API. The API experiences sudden increases of usage at specific times leading to concerns about increased costs. The company needs to limit cost and usage without reworking the Lambda functions. Which solution will meet these requirements most cost-effectively?,"Configure the API to send requests to Amazon simple Q service, Amazon SQS cues instead of directly to the Lambda functions. Update the Lambda functions to consume messages from the cues and to process the requests. Set up the cues to invoke the Lambda functions when new messages arrive.",Configure provisioned concurrency for each Lambda function. Use AWS application autoscaling to register the Lambda functions as targets. Set up scaling schedules to increase and decrease capacity to match changes in API usage.,"Create an API gateway API key and an AWS WAF regional web ACL. Associate the web ACL with the production stage. Add a ratebased rule to the web ACL. In the rule, specify the rate limit and a custom request aggregation that uses the XAPI key header. Share the API key with the external development team.",Create an API gateway API key and usage plan. Define throttling limits and quotas in the usage plan. Associate the usage plan with the production stage and the API key. Share the API key with the external development team.,,,D
SAP-C02,Task 1.3: Design reliable and resilient architectures.,A company built an application based on AWS Lambda deployed in an AWS cloud for stack. The last production release of the web application introduced an issue that resulted in an outage lasting several minutes. A solutions architect must adjust the deployment process to support a canary release. Which solution will meet these requirements? Create an alias for every new deployed version of the Lambda function. Use the AWS CLI update alias command with the routing config parameter to distribute the load.,Create an alias for every new deployed version of the Lambda function. Use the AWS CLI update alias command with the routing config parameter to distribute the load.,Deploy the application into a new cloud formation stack. Use an Amazon Route 53 weighted routing policy to distribute the load.,Create a version for every new deployed Lambda function. Use the AWS CLI update function configuration command with the routing config parameter to distribute the load.,Configure AWS code deploy and use code deploy default one at a time in the deployment configuration to distribute the load.,,,A
SAP-C02,Task 1.1: Architect network connectivity strategies.,"A media company has a 30 terb repository of digital news videos. These videos are stored on tape in an on- premises tape library and referenced by a media asset management MAM system. The company wants to enrich the metadata for these videos in an automated fashion and put them into a searchable catalog by using a MAM feature. The company must be able to search based on information in the video such as objects, scenery items, or people's faces. A catalog is available that contains faces of people who have appeared in the videos that include an image of each person. The company would like to migrate these videos to AWS. The company has a high-speed AWS Direct Connect connection with AWS and would like to move the MAM solution video content directly from its current file system. How can these requirements be met by using the least amount of ongoing management overhead and causing minimal disruption to the existing system? A set up an AWS storage gateway file gateway appliance on premises. Use the MAM solution to extract the videos from the current archive and push them into the file gateway. Use the catalog of faces to build a collection in Amazon recognition. Build an AWS Lambda function that invokes the recognition JavaScript SDK to have recognition pull the video from the Amazon S3 files backing the file gateway. retrieve the required metadata and push the metadata into the MAM solution.",A set up an AWS storage gateway file gateway appliance on premises. Use the MAM solution to extract the videos from the current archive and push them into the file gateway. Use the catalog of faces to build a collection in Amazon recognition. Build an AWS Lambda function that invokes the recognition JavaScript SDK to have recognition pull the video from the Amazon S3 files backing the file gateway. retrieve the required metadata and push the metadata into the MAM solution.,Set up an AWS storage gateway tape gateway appliance on premises. Use the MAM solution to extract the videos from the current archive and push them into the tape gateway. Use the catalog of faces to build a collection in Amazon recognition. Build an AWS Lambda function that invokes the recognition JavaScript SDK to have Amazon recognition process the video in the tape gateway. Retrieve the required metadata and push the metadata into the MAM solution.,Configure a video ingestion stream by using Amazon Kinesis video streams. Use the catalog of faces to build a collection in Amazon recognition. Stream the videos from the MAM solution into Kinesis video streams. Configure Amazon recognition to process the streamed videos. Then use a stream consumer to retrieve the required metadata and push the metadata into the MAM solution. Configure the stream to store the videos in Amazon S3.,"Set up an Amazon EC2 instance that runs the OpenCV libraries. Copy the videos, images, and face catalog from the on- premises library into an Amazon EBS volume mounted on this EC2 instance. process the videos to retrieve the required metadata and push the metadata into the MAM solution while also copying the video files to an Amazon S3 bucket.",,,A
SAP-C02,Task 1.5: Determine cost optimization and visibility strategies.,"A company runs a Python script on an Amazon EC2 instance to process data. The script runs every 10 minutes. The script ingests files from an Amazon S3 bucket and processes the files. On average, the script takes approximately 5 minutes to process each file. The script will not reprocess a file that the script has already processed. The company reviewed Amazon Cloudatch metrics and noticed that the EC2 instance is idle for approximately 40% of the time because of the file processing speed. The company wants to make the workload highly available and scalable. The company also wants to reduce long-term management overhead. Which solution will meet these requirements most cost effectively?",Migrate the data processing script to an AWS Lambda function. Use an S3 event notification to invoke the Lambda function to process the objects when the company uploads the objects.,Create an Amazon simple Q service Amazon SQSQ. Configure Amazon S3 to send event notifications to the SQSQ. Create an EC2 autoscaling group with a minimum size of one instance. Update the data processing script to pull the SQSQ. Process the S3 objects that the SQS message identifies.,Migrate the data processing script to a container image. Run the data processing container on an EC2 instance. Configure the container to pull the S3 bucket for new objects and to process the resulting objects.,Migrate the data processing script to a container image that runs on Amazon Elastic Container Service Amazon ECS on AWS Fargate. Create an AWS Lambda function that calls the Fargate run task API operation when the container processes the file. Use an S3 event notification to invoke the Lambda function.,,,A
SAP-C02,Task 4.3: Determine a new architecture for existing workloads.,"A company is running a large containerized workload in the AWS cloud. The workload consists of approximately 100 different services. The company uses Amazon Elastic Container Service, Amazon ECS, to orchestrate the workload. Recently, the company's development team started using AWS Fargate instead of Amazon EC2 instances in the ECS cluster. In the past, the workload has come close to running the maximum number of EC2 instances that are available in the account. The company is worried that the workload could reach the maximum number of ECS tasks that are allowed. A solutions architect must implement a solution that will notify the development team when Fargate reaches 80% of the maximum number of tasks. What should the solutions architect do to meet this requirement?",Use Amazon Cloudatch to monitor the sample count statistic for each service in the ECS cluster. Set an alarm for when the math expression sample count/service quota service asterisk 100 is greater than 80. Notify the development team by using Amazon simple notification service Amazon SNS,Use Amazon Cloudatch to monitor service quotas that are published under the AWS/usmetric namespace. Set an alarm for when the math expression metric/service quota metric asterisk 100 is greater than 80. Notify the development team by using Amazon simple notification service Amazon SNS,"Create an AWS Lambda function to pull detailed metrics from the ECS cluster. When the number of running Fargate tasks is greater than 80, invoke Amazon simple email service Amazon SCES to notify the development team.",Create an AWS config rule to evaluate whether the Fargate service quota is greater than 80. Use Amazon simple email service Amazon SCES to notify the development team when the AWS config rule is not compliant.,,,B
SAP-C02,Task 4.2: Determine the optimal migration approach for existing workloads.,"A company runs a Java application that has complex dependencies on VMs that are in the company's data center. The application is stable, but the company wants to modernize the technology stack. The company wants to migrate the application to AWS and minimize the administrative overhead to maintain the servers. Which solution will meet these requirements with the least code changes?",Migrate the application to Amazon Elastic Container Service Amazon ECS on AWS Fargate by using AWS app 2 container. Store container images in Amazon Elastic Container Registry Amazon ECR. Grant the ECS task execution role permission 10. Access the ECR image repository. Configure Amazon ECS to use an application load balancer ALB. Use the ALB to interact with the application.,Migrate the application code to a container that runs in AWS Lambda. Build an Amazon API gateway rest API with Lambda integration. Use API gateway to interact with the application.,Migrate the application to Amazon Elastic Kubernetes Service Amazon EKS on EKS managed node groups by using AWS app 2 container. Store container images in Amazon Elastic container registry. Amazon ECR. Give the EKS nodes permission to access the ECR image repository. Use Amazon API gateway to interact with the application.,Migrate the application code to a container that runs in AWS Lambda. Configure Lambda to use an application load balancer ALB. Use the ALB to interact with the application.,,,A
SAP-C02,Task 1.3: Design reliable and resilient architectures.,"A company has built a high performance computing HPC cluster in AWS for a tightly coupled workload that generates a large number of shared files stored in Amazon EFS. The cluster was performing well when the number of Amazon EC2 instances in the cluster was 100. However, when the company increased the cluster size to 1.0000 EC2 instances, overall performance was well below expectations. Which collection of design choices should a solutions architect make to achieve the maximum performance from the HPC cluster? Choose three. A ensure the HPC cluster is launched within a single availability zone.",Choose three. A ensure the HPC cluster is launched within a single availability zone.,Launch the EC2 instances and attach elastic network interfaces in multiples of four.,Select EC2 instance types with an elastic fabric adapter EFA enabled.,Ensure the cluster is launched across multiple availability zones.,Replace Amazon EFS with multiple Amazon EBS volumes in a raid array.,Replace Amazon EFS with Amazon FSX for luster.,"A,C,F"
SAP-C02,Task 1.5: Determine cost optimization and visibility strategies.,"A solutions architect is designing the data storage and retrieval architecture for a new application that a company will be launching soon. The application is designed to ingest millions of small records per minute from devices all around the world. Each record is less than 4 kilobytes in size and needs to be stored in a durable location where it can be retrieved with low latency. The data is ephemeral and the company is required to store the data for 120 days only after which the data can be deleted. The solutions architect calculates that during the course of a year, the storage requirements would be about 10 to 15 terabytes. Which storage strategy is the most costeffective and meets the design requirements? Design the application to store each incoming record as a single CSV file in an Amazon S3 bucket to allow for indexed retrieval. Configure a life cycle policy to delete data older than 120 days.",Design the application to store each incoming record as a single CSV file in an Amazon S3 bucket to allow for indexed retrieval. Configure a life cycle policy to delete data older than 120 days.,Design the application to store each incoming record in an Amazon DynamoB table properly configured for the scale. Configure the DynamoB time to live TTL feature to delete records older than 120 days.,Design the application to store each incoming record in a single table in an Amazon RDS MySQL database. Run a nightly cron job that runs a query to delete any records older than 120 days.,Design the application to batch incoming records before writing them to an Amazon S3 bucket. Update the metadata for the object to contain the list of records in the batch and use the Amazon S3 metadata search feature to retrieve the data. Configure a life cycle policy to delete the data after 120 days.,,,B
SAP-C02,Task 1.4: Design a multi-account AWS environment.,"A company is planning to migrate 1,000 on premises servers to AWS. The servers run on several VMware clusters in the company's data center. As part of the migration plan, the company wants to gather server metrics such as CPU details, RAM usage, operating system information, and running processes. The company then wants to query and analyze the data. Which solution will meet these requirements?",Deploy and configure the AWS agentless discovery connector virtual appliance on the on premises hosts. Configure data exploration in AWS migration hub. Use AWS Glue to perform an ETL job against the data. Query the data by using Amazon S3 select.,Export only the VM performance information from the on- premises hosts directly. Import the required data into AWS Migration Hub. Update any missing information in Migration Hub. Query the data by using Amazon Quicksite.,Create a script to automatically gather the server information from the on- premises hosts. Use the AWS CLI to run the put resource attributes command to store the detailed server data in AWS Migration Hub. Query the data directly in the migration hub console.,Deploy the AWS application discovery agent to each on premises server. Configure data exploration in AWS migration hub. Use Amazon Athena to run predefined queries against the data in Amazon S3.,,,D
SAP-C02,Task 1.3: Design reliable and resilient architectures.,A company runs an internet application on premises. The company wants to configure a cloud backup of the application. The company has selected AWS elastic disaster recovery for this solution. The company requires that replication traffic does not travel through the public internet. The application also must not be accessible from the internet. The company does not want this solution to consume all available network bandwidth because other applications require bandwidth. Which combination of steps will meet these requirements? Choose three.,"Create a VPC that has at least two private subnets, two NAT gateways, and a virtual private gateway.","Create a VPC that has at least two public subnets, a virtual private gateway, and an internet gateway.",Create an AWS sightto-sightVPN connection between the on- premises network and the target AWS network.,Create an AWS direct connect connection and a direct connect gateway between the on- premises network and the target AWS network.,"During configuration of the replication servers, select the option to use private IP addresses for data replication.","During configuration of the launch settings for the target servers, select the option to ensure that the recovery instances private IP address matches the source servers private IP address.","A,D,E"
SAP-C02,Task 1.5: Determine cost optimization and visibility strategies.,"A company operates quicks service restaurants. The restaurants follow a predictable model with high sales traffic for 4 hours daily. Sales traffic is lower outside of those peak hours. The point of sale and management platform is deployed in the AWS cloud and has a backend that is based on Amazon Dynamob. The database table uses provisioned throughput mode with 100,000 RCUs and 80,000 WCUs to match known peak resource consumption. The company wants to reduce its Dynamo DB cost and minimize the operational overhead for the IT staff. Which solution meets these requirements most cost effectively? A reduce the provisioned RCUs and WCUs. B change the Dynamo DB table to use on demand capacity.",A reduce the provisioned RCUs and WCUs. B change the Dynamo DB table to use on demand capacity.,change to ondemand capacity is incorrect. On demand is designed for unpredictable or spiky workloads where you don't know the peaks. The cost trap on demand pricing per request is significantly higher approximate 5-7x more expensive than provisioned capacity. For a workload with such high volume 100k rcu is huge and a predictable pattern on demand is usually much more expensive than properly autoscaled provisioned capacity. You pay a premium for the flexibility you don't actually need since the traffic is predictable. Option,Enable Dynamo DB autoscaling for the table.,Purchase one-year reserved capacity that is sufficient to cover the peak load for 4 hours each day.,,,C
SAP-C02,Task 2.5: Design a solution to meet performance objectives.,A company hosts an application on AWS. The application reads and writes objects that are stored in a single Amazon S3 bucket. The company must modify the application to deploy the application in two AWS regions. Which solution will meet these requirements with the least operational overhead?,Set up an Amazon CloudFront distribution with the S3 bucket as an origin. Deploy the application to a second region. Modify the application to use the CloudFront distribution. Use AWS Global Accelerator to access the data in the S3 bucket.,Create a new S3 bucket in a second region. Set up birectional S3 cross region replication CRR between the original S3 bucket and the new S3 bucket. Configure an S3 multi-reion access point that uses both S3 buckets. Deploy a modified application to both regions.,Create a new S3 bucket in a second region. Deploy the application in the second region. Configure the application to use the new S3 bucket. Set up S3 cross region replication CRR from the original S3 bucket to the new S3 bucket.,Set up an S3 gateway endpoint with the S3 bucket as an origin. Deploy the application to a second region. Modify the application to use the new S3 gateway endpoint. Use S3 intelligent taring on the S3 bucket.,,,B
SAP-C02,Task 2.5: Design a solution to meet performance objectives.,A company hosts an application on AWS. The application reads and writes objects that are stored in a single Amazon S3 bucket. The company must modify the application to deploy the application in two AWS regions. Which solution will meet these requirements with the least operational overhead?,Set up an Amazon CloudFront distribution with the S3 bucket as an origin. Deploy the application to a second region. Modify the application to use the CloudFront distribution. Use AWS Global Accelerator to access the data in the S3 bucket.,Create a new S3 bucket in a second region. Set up birectional S3 cross region replication CRR between the original S3 bucket and the new S3 bucket. Configure an S3 multi-reion access point that uses both S3 buckets. Deploy a modified application to both regions.,Create a new S3 bucket in a second region. Deploy the application in the second region. Configure the application to use the new S3 bucket. Set up S3 cross region replication CRR from the original S3 bucket to the new S3 bucket.,Set up an S3 gateway endpoint with the S3 bucket as an origin. Deploy the application to a second region. Modify the application to use the new S3 gateway endpoint. Use S3 intelligent taring on the S3 bucket.,,,B
SAP-C02,Task 1.3: Design reliable and resilient architectures.,"A company developed a pilot application by using AWS elastic beantock and Java. To save costs during development, the company's development team deployed the application into a single instance environment. Recent tests indicate that the application consumes more CPU than expected. CPU utilization is regularly greater than 85% which causes some performance bottlenecks. A solution's architect must mitigate the performance issues before the company launches the application to production. Which solution will meet these requirements with the least operational overhead? Create a new elastic beantock application. Select a load balanced environment type. Select all availability zones. Add a scale out rule that will run if the maximum CPU utilization is over 85% for 5 minutes.",Create a new elastic beantock application. Select a load balanced environment type. Select all availability zones. Add a scale out rule that will run if the maximum CPU utilization is over 85% for 5 minutes.,Create a second elastic beantoalk environment. Apply the traffic splitting deployment policy. Specify a percentage of incoming traffic to direct to the new environment in the average CPU utilization is over 85% for 5 minutes.,Modify the existing environment's capacity configuration to use a load balanced environment type. Select all availability zones. Add a scale out rule that will run if the average CPU utilization is over 85% for 5 minutes.,Select the rebuild environment action with the load balancing option. Select an availability zones. Add a scale out rule that will run if the sum CPU utilization is over 85% for 5 minutes.,,,C
SAP-C02,Task 2.4: Design a strategy to meet reliability requirements.,"A finance company is running its business critical application on current generation Linux EC2 instances. The application includes a self-managed MySQL database performing heavy IO operations. The application is working fine to handle a moderate amount of traffic during the month. However, it slows down during the final 3 days of each month due to month-end reporting even though the company is using elastic load balancers and autoscaling within its infrastructure to meet the increased demand. Which of the following actions would allow the database to handle the month-end load with the least impact on performance?","pre-warming elastic load balancers using a bigger instance type, changing all Amazon EBS volumes to GP2 volumes. B performing a one-time migration of the database cluster to Amazon RDS and creating several additional read replicas to handle the load during end of month. C using Amazon Cloudatch with AWS Lambda to change the type, size, or IOPS of Amazon EBS volumes in the cluster based on a specific cloudatch metric.","migrate to Amazon RDS and use read replicas is the correct answer. This is the architectural best practice for read heavy reporting workloads. Migration moving from self-managed EC2 to Amazon RDS reduces operational overhead, patching, backups, read replicas. RDS allows you to spin up read replicas with a few clicks. You can point the month-end reporting tool to the replica endpoint and the main application to the primary endpoint. Result, the heavy reporting queries no longer block the business critical IO on the primary database. The primary DB stays fast for transactions and the reports run on their own dedicated resources. Option","use Lambda to resize EBS is incorrect. While AWS EBS elastic volumes allow you to change IOPS on the fly, this approach is suboptimal. Performance impact. Modifying volume properties can temporarily impact performance while the optimization occurs at the storage level. Root cause. Simply throwing more IOPS at a single database instance doesn't solve CPU or memory contention caused by complex reporting queries. Offloading traffic. Option",Replacing all existing Amazon EBS volumes with new PIO ops volumes that have the maximum available storage size and IO per second by taking snapshots before the end of the month and reverting back afterwards.,,,B
SAP-C02,Task 1.1: Architect network connectivity strategies.,A company has developed a hybrid solution between its data center and AWS. The company uses Amazon VPC and Amazon EC2 instances that send application logs to Amazon Cloudatch. The EC2 instances read data from multiple relational databases that are hosted on premises. The company wants to monitor which EC2 instances are connected to the databases in near real time. The company already has a monitoring solution that uses Splunk on premises. A solution's architect needs to determine how to send networking traffic to Splunk. How should the solutions architect meet these solutions architect meet these requirements? Enable VPC flows logs and send them to Cloudatch. Create an AWS Lambda function to periodically export the Cloudatch logs to an Amazon S3 bucket by using the predefined export function. Generate access_key and secret_key AWS credentials. Configure Splunk to pull the logs from the S3 bucket by using those credentials.,Enable VPC flows logs and send them to Cloudatch. Create an AWS Lambda function to periodically export the Cloudatch logs to an Amazon S3 bucket by using the predefined export function. Generate access_key and secret_key AWS credentials. Configure Splunk to pull the logs from the S3 bucket by using those credentials.,Create an Amazon Kinesis data fire hose delivery stream with Splunk as the destination. Configure a pre-processing AWS Lambda function with a Kinesis data fire hose stream processor that extracts individual log events from records sent by Cloudatch logs subscription filters. Enable VPC flows logs and send them to Cloudatch. Create a Cloudatch log subscription that sends log events to the Kinesis data fire hose delivery stream.,Ask the company to log every request that is made to the databases along with the EC2 instance IP address. Export the Cloudatch logs to an Amazon S3 bucket. Use Amazon Athena to query the logs grouped by database name. Export Athena results to another S3 bucket. Invoke an AWS Lambda function to automatically send any new file that is put in the S3 bucket to Splunk.,Send the Cloudatch logs to an Amazon Kinesis data stream with Amazon Kinesis data analytics for SQL applications. Configure a one minute sliding window to collect the events. Create a SQL query that uses the anomaly detection template to monitor any networking traffic anomalies in near real time. Send the result to an Amazon Kinesis data fire hose delivery stream with Splunk as the destination.,,,B
SAP-C02,Task 2.5: Design a solution to meet performance objectives.,A company that provisions job boards for a seasonal workforce is seeing an increase in traffic and usage. The back-end services run on a pair of Amazon EC2 instances behind an application load balancer with Amazon Dynamob as the data store. Application read and write traffic is slow during peak seasons. Which option provides a scalable application architecture to handle peak seasons with the least development effort?,Migrate the backend services to AWS Lambda. Increase the read and write capacity of DynamoB.,Migrate the backend services to AWS Lambda. Configure Dynamob to use global tables.,Use autoscaling groups for the backend services. Use Dynamob autoscaling.,"Use autoscaling groups for the backend services. Use Amazon simple Q service, Amazon SQS, and an AWS Lambda function to write to Dynamo DB.",,,C
SAP-C02,Task 3.1: Determine a strategy to improve overall operational excellence.,"A travel company built a web application that uses Amazon's simple email service, Amazon SES, to send email notifications to users. The company needs to enable logging to help troubleshoot email delivery issues. The company also needs the ability to do searches that are based on recipient, subject, and time. Which combination of steps should a solutions architect take to meet these requirements? Choose to a create an Amazon SCES configuration set with Amazon data fire hose as the destination. Choose to send logs to an Amazon S3 bucket.",Choose to a create an Amazon SCES configuration set with Amazon data fire hose as the destination. Choose to send logs to an Amazon S3 bucket.,Enable AWS Cloud Trail logging. Specify an Amazon S3 bucket as the destination for the logs.,"Use Amazon Athena to query the logs in the Amazon S3 bucket for recipient, subject, and time.",Create an Amazon Cloudatch log group. Configure Amazon SCES to send logs to the log group.,Use Amazon Athena to query the logs in Amazon Cloudatch for recipient subject and time sent.,,"A,C"
SAP-C02,Task 1.1: Architect network connectivity strategies.,"A software company hosts an application on AWS with resources in multiple AWS accounts and regions. The application runs on a group of Amazon EC2 instances in an application VPC located in the US East one region with an IPv4 CID block of 10 one region with an IPv4 CID block of 10 10.0.0/16. In a different AWS account, a shared services VPC is located in the US East 2 region with an IPv4 CID block of region with an IPv4 CID block of 10.10.0/24. When a cloud engineer uses AWS cloud formation to attempt to peer the application VPC with the shared services VPC, an error message indicates a peering failure. Which factors could cause this error? Choose two. A the IPv4 C ranges of the two VPCs overlap.",Choose two. A the IPv4 C ranges of the two VPCs overlap.,The VPCs are not in the same region.,One or both accounts do not have access to an internet gateway.,One of the VPCs was not shared through AWS resource access manager.,The IM role in the peer acceptor account does not have the correct permissions.,,"A,E"
SAP-C02,Task 2.5: Design a solution to meet performance objectives.,"A company's interactive web application uses an Amazon CloudFront distribution to serve images from an Amazon S3 bucket. Occasionally, third-party tools ingest corrupted images into the S3 bucket. This image corruption causes a poor user experience in the application. Later, the company has successfully implemented and tested Python logic to detect corrupt images. A solution's architect must recommend a solution to integrate the detection logic with minimal latency between the ingestion and serving. Which solution will meet these requirements?",Use a lambda at edge function that is invoked by a viewer response event.,Use a lambda at edge function that is invoked by an origin response event.,Use an S3 event notification that invokes an AWS Lambda function.,Use an S3 event notification that invokes an AWS step function state machine.,,,C
SAP-C02,Task 1.3: Design reliable and resilient architectures.,A company is preparing to deploy an Amazon elastic Kubernetes service. Amazon EKS cluster for a workload. The company expects the cluster to support an unpredictable number of stateless pods. Many of the pods will be created during a short time period as the workload automatically scales the number of replicas that the workload uses. Which solution will maximize node resilience?,Use a separate launch template to deploy the EKS control plane into a second cluster that is separate from the workload node groups.,Update the workload node groups. Use a smaller number of node groups and larger instances in the node groups.,Configure the Kubernetes cluster autoscaler to ensure that the compute capacity of the workload node group stays underprovisioned.,Configure the workload to use topology spread constraints that are based on availability zone.,,,D
SAP-C02,Task 1.3: Design reliable and resilient architectures.,A company is preparing to deploy an Amazon elastic Kubernetes service Amazon EKS cluster for a workload. The company expects the cluster to support an unpredictable number of stateless pods. Many of the pods will be created during a short time period as the workload automatically scales the number of replicas that the workload uses. Which solution will maximize node resilience?,Use a separate launch template to deploy the EKS control plane into a second cluster that is separate from the workload node groups.,Update the workload node groups. Use a smaller number of node groups and larger instances in the node groups.,Configure the Kubernetes cluster autoscaler to ensure that the compute capacity of the workload node group stays underprovisioned.,Configure the workload to use topology spread constraints that are based on availability zone.,,,D
SAP-C02,Task 2.5: Design a solution to meet performance objectives.,A video streaming company recently launched a mobile app for video sharing. The app uploads various files to an Amazon S3 bucket in the US East1 region. The files range in size from 1 GBTE to 10 GB. Users who access the app from Australia have experienced uploads that take long periods of time. Sometimes the files fail to completely upload for these users. A solutions architect must improve the app's performance for these uploads. Which solutions will meet these requirements? Choose two.,Enable S3 transfer acceleration on the S3 bucket. Configure the app to use the transfer acceleration endpoint for uploads.,Configure an S3 bucket in each region to receive the uploads. Use S3 cross region replication CRR to copy the files to the distribution S3 bucket.,Set up Amazon Route 53 with latency based routing to route the uploads to the nearest S3 bucket region.,Configure the app to break the video files into chunks. Use a multi-art upload to transfer files to Amazon S3.,Modify the app to add random prefixes to the files before uploading.,,"A,D"
SAP-C02,Task 1.3: Design reliable and resilient architectures.,A company has a latency sensitive trading platform that uses Amazon DynamoB as a storage backend. The company configured the DynamoB table to use on demand capacity mode. A solution's architect needs to design a solution to improve the performance of the trading platform. The new solution must ensure high availability for the trading platform. Which solution will meet these requirements with the least latency?,Create a two node DynamoB accelerator DAX cluster. Configure an application to read and write data by using DAX.,Create a three node Dynamob accelerator DAX cluster. Configure an application to read data by using DAX and to write data directly to the DynamoB table.,Create a three node DynamoB accelerator DAX cluster. Configure an application to read data directly from the DynamoB table and to write data by using DAX.,Create a single node DynamoB accelerator DAX cluster. Configure an application to read data by using DAX and to write data directly to the DynamoB table.,,,B
SAP-C02,Task 2.5: Design a solution to meet performance objectives.,"A company hosts a blog post application on AWS using Amazon API gateway, Amazon DynamoB, and AWS Lambda. The application currently does not use API keys to authorize requests. The API model is as follows. Get/post/post ID to get post details. Get/ users/ user id to get user details. Get slash comments slash comment id to get comments details. The company has noticed users are actively discussing topics in the comment section and the company wants to increase user engagement by making the comments appear in real time. Which design should be used to reduce comment latency and improve user experience? A use edge optimized API with Amazon CloudFront to cache API responses.",A use edge optimized API with Amazon CloudFront to cache API responses.,Modify the blog application code to request get/ comments/ comment ID every 10 seconds.,Use AWS app sync and leverage websockets to deliver comments.,Change the concurrency limit of the Lambda functions to lower the API response time.,,,C
SAP-C02,Task 1.2: Prescribe security controls.,A company that develops consumer electronics with offices in Europe and Asia has 60 terabytes of software images stored on premises in Europe. The company wants to transfer the images to an Amazon S3 bucket in the AP Northeast 1 region. New software images are created daily and must be encrypted in transit. The company needs a solution that does not require custom development to automatically transfer all existing and new software images to Amazon S3. What is the next step in the transfer process?,Deploy an AWS data sync agent and configure a task to transfer the images to the S3 bucket.,Configure Amazon Kinesis data fire host to transfer the images using S3 transfer acceleration.,Use an AWS Snowball device to transfer the images with the S3 bucket as the target.,Transfer the images over a sight-to-sightVPN connection using the S3 API with multiart upload.,,,A
SAP-C02,Task 2.1: Design a deployment strategy to meet business requirements.,A company has its cloud infrastructure on AWS. A solution's architect needs to define the infrastructure as code. The infrastructure is currently deployed in one AWS region. The company's business expansion plan includes deployments in multiple regions across multiple AWS accounts. What should the solutions architect do to meet these requirements?,Use AWS cloud formation templates. Add IM policies to control the various accounts. Deploy the templates across the multiple regions.,Use AWS organizations. Deploy AWS cloud formation templates from the management account. Use AWS control tower to manage deployments across accounts.,Use AWS organizations and AWS cloud for stack sets. Deploy a cloud for template from an account that has the necessary IM permissions.,Use nested stacks with AWS cloud form templates. Change the region by using nested stacks.,,,C
SAP-C02,Task 2.5: Design a solution to meet performance objectives.,"A company is using AWS cloud form to deploy its infrastructure. The company is concerned that if a production cloud form stack is deleted, important data stored in Amazon RDS databases or Amazon EBS volumes might also be deleted. How can the company prevent users from accidentally deleting data in this way? A modify the cloud formation templates to add a deletion policy attribute to RDS and EBS resources.",A modify the cloud formation templates to add a deletion policy attribute to RDS and EBS resources.,Configure a stack policy that disallows the deletion of RDS and EBS resources.,Modify IM policies low deny deleting RDS and EBS resources that are tagged with an AWS cloud formation stack name tag.,Use AWS config rules to prevent deleting RDS and EBS resources.,,,A
SAP-C02,Task 4.2: Determine the optimal migration approach for existing workloads.,A company runs a customer service center that accepts calls and automatically sends all customers a managed interactive two-way experience survey by text message. The applications that support the customer service center run on machines that the company hosts in an on- premises data center. The hardware that the company uses is old and the company is experiencing downtime with the system. The company wants to migrate the system to AWS to improve reliability. Which solution will meet these requirements with the least ongoing operational overhead?,Use Amazon Connect to replace the old call center hardware. Use Amazon Pinpoint to send text message surveys to customers.,"Use Amazon Connect to replace the old call center hardware. Use Amazon Simple Notification Service, Amazon SNS, to send text message surveys to customers.",Migrate the call center software to Amazon EC2 instances that are in an autoscaling group. Use the EC2 instances to send text message surveys to customers.,Use Amazon Pinpoint to replace the old call center hardware and to send text message surveys to customers.,,,A
SAP-C02,Task 1.5: Determine cost optimization and visibility strategies.,A data analytics company has an Amazon Redshift cluster that consists of several reserve nodes. The cluster is experiencing unexpected bursts of usage because a team of employees is compiling a deep audit analysis report. The queries to generate the report are complex read queries and are CPU inensive. Business requirements dictate that the cluster must be able to service read and write queries at all times. A solution's architect must devise a solution that accommodates the bursts of usage. Which solution meets these requirements most cost effectively?,Provision an Amazon EMR cluster offload the complex data processing tasks.,Deploy an AWS Lambda function to add capacity to the Amazon Redshift cluster by using a classic resize operation when the cluster CPU metrics in Amazon Cloudatch reach 80%.,Deploy an AWS Lambda function to add capacity to the Amazon Redshift cluster by using an elastic resize operation when the cluster CPU metrics in Amazon Cloudatch reach 80%.,Turn on the concurrency scaling feature for the Amazon Redshift cluster.,,,D
SAP-C02,Task 1.5: Determine cost optimization and visibility strategies.,"A company needs to optimize the cost of its application on AWS. The application uses AWS Lambda Functions and Amazon Elastic Container Service, Amazon ECS. containers that run on AWS Fargate. The application is rightheavy and stores data in an Amazon Aurora MySQL database. The load on the application is not consistent. The application experiences long periods of no usage followed by sudden and significant increases and decreases in traffic. The database runs on a memory optimized DB instance that cannot handle the load. A solution's architect must design a solution that can scale to handle the changes in traffic. Which solution will meet these requirements most cost effectively?",Add additional read replicas to the database. Purchase instance savings plans and RDS reserved instances.,Migrate the database to an Aurora DB cluster that has multiple writer instances. Purchase instance savings plans.,Migrate the database to an Aurora global database. Purchase compute savings plans and RDS reserved instances.,Migrate the database to Aurora serverless v1. Purchase compute savings plans.,,,D
SAP-C02,Task 2.3: Determine security controls based on requirements.,A solutions architect needs to improve an application that is hosted in the AWS cloud. The application uses an Amazon Aurora MySQLDB instance that is experiencing overloaded connections. Most of the application's operations insert records into the database. The application currently stores credentials in a textbased configuration file. The solutions architect needs to implement a solution so that the application can handle the current connection load. The solution must keep the credentials secure and must provide the ability to rotate the credentials automatically on a regular basis. Which solution will meet these requirements? A deploy an Amazon RDS proxy layer in front of the DB instance. Store the connection credentials as a secret in AWS secrets manager.,A deploy an Amazon RDS proxy layer in front of the DB instance. Store the connection credentials as a secret in AWS secrets manager.,Deploy an Amazon RDS proxy layer in front of the DB instance. Store the connection credentials in AWS Systems Manager parameter store.,Create an Aurora replica. Store the connection credentials as a secret in AWS Secrets Manager.,Create an Aurora replica. Store the connection credentials in AWS Systems Manager Parameter Store.,,,A
SAP-C02,Task 1.4: Design a multi-account AWS environment.,"A company uses AWS organizations to manage its AWS accounts. A solutions architect must design a solution in which only administrator roles are allowed to use IM actions. However, the solutions architect does not have access to all the AWS accounts throughout the company. Which solution meets these requirements with the least operational overhead? Create an SCP that applies to all the AWS accounts to allow IM actions only for administrator roles. Apply the SCP to the root OU.",Create an SCP that applies to all the AWS accounts to allow IM actions only for administrator roles. Apply the SCP to the root OU.,Configure AWS cloud trail to invoke an AWS Lambda function for each event that is related to IM actions. Configure the function to deny the action if the user who invoked the action is not an administrator.,Create an SCP that applies to all the AWS accounts to deny IM actions for all users except for those with administrator roles. Apply the SCP to the root OU.,Set an IM permissions boundary that allows IM actions. Attach the permissions boundary to every administrator role across all the AWS accounts.,,,C
SAP-C02,Task 1.4: Design a multi-account AWS environment.,"A company runs many workloads on AWS and uses AWS organizations to manage its accounts. The workloads are hosted on Amazon EC2, AWS Fargate, and AWS Lambda. Some of the workloads have unpredictable demand. accounts record high usage in some months and low usage in other months. The company wants to optimize its compute costs over the next 3 years. A solution's architect obtains a six-month average for each of the accounts across the organization to calculate usage. Which solution will provide the most cost savings for all the organizations compute usage. Purchase reserved instances for the organization to match the size and number of the most common EC2 instances from the member accounts.","A company runs many workloads on AWS and uses AWS organizations to manage its accounts. The workloads are hosted on Amazon EC2, AWS Fargate, and AWS Lambda. Some of the workloads have unpredictable demand. accounts record high usage in some months and low usage in other months. The company wants to optimize its compute costs over the next 3 years. A solution's architect obtains a six-month average for each of the accounts across the organization to calculate usage. Which solution will provide the most cost savings for all the organizations compute usage. Purchase reserved instances for the organization to match the size and number of the most common EC2 instances from the member accounts.",Purchase a compute savings plan for the organization from the management account by using the recommendation at the management account level.,Purchase reserved instances for each member account that had high EC2 usage according to the data from the last 6 months.,Purchase an EC2 instance savings plan for each member account from the management account based on EC2 usage data from the last six months.,,,B
SAP-C02,Task 1.5: Determine cost optimization and visibility strategies.,"A company wants to migrate its on- premises data center to the AWS cloud. This includes thousands of virtualized Linux and Microsoft Windows servers, SA and storage, Java and PHP applications with MySQL and Oracle databases. There are many dependent services hosted either in the same data center or externally. The technical documentation is incomplete and outdated. A solutions architect needs to understand the current environment and estimate the cloud resource costs after the migration. Which tools or services should the solutions architect use to plan the cloud migration? Choose three. AWS application discovery service.",Choose three. AWS application discovery service.,AWS SMS.,AWS X-Ray.,AWS Cloud Adoption Readiness Toolkart.,Amazon Inspector F AWS Migration Hub.,"AWS migration hub is the correct answer. This is the control center for the migration. The problem with thousands of servers, you need a central place to aggregate data and track progress. The solution AWS migration hub integrates directly with the application discovery service option","A,D,F"
SAP-C02,Task 1.1: Architect network connectivity strategies.,"A company requires that all internal application connectivity use private IP addresses. To facilitate this policy, a solutions architect has created interface endpoints to connect to AWS public services. Upon testing, the solutions architect notices that the service names are resolving to public IP addresses and that internal services cannot connect to the interface endpoints. Which step should the solutions architect take to resolve this issue?",Update the subnet route table with a route to the interface endpoint.,Enable the private DNS option on the VPC attributes.,Configure the security group on the interface endpoint to allow connectivity to the AWS services.,Configure an Amazon Route 53 private hosted zone with a conditional forwarder for the internal application.,,,B
SAP-C02,Task 1.5: Determine cost optimization and visibility strategies.,"A company is building a software as a service SAS solution on AWS. The company has deployed an Amazon API gateway rest API with AWS Lambda integration in multiple AWS regions and in the same production account. The company offers tiered pricing that gives customers the ability to pay for the capacity to make a certain number of API calls per second. The premium tier offers up to 3,000 calls per second and customers are identified by a unique API key. Several premium tier customers in various regions report that they receive error responses of 429 too many requests from multiple API methods during peak usage hours. Logs indicate that the Lambda function is never invoked. What could be the cause of the error messages for these customers?",The Lambda function reached its concurrency limit.,The Lambda function its region limit for concurrency.,The company reached its API gateway account limit for calls per second.,The company reached its API gateway default per method limit for calls per second.,,,C
SAP-C02,Task 1.2: Prescribe security controls.,An education company is running a web application used by college students around the world. The application runs in an Amazon elastic container service Amazon ECS cluster in an autoscaling group behind an application load balancer ALB. A system administrator detects a weekly spike in the number of failed login attempts which overwhelm the application's authentication service. All the failed login attempts originate from about 500 different IP addresses that change each week. A solution's architect must prevent the failed login attempts from overwhelming the authentication service. Which solution meets these requirements with the most operational efficiency. Use AWS firewall manager to create a security group and security group policy to deny access from the IP addresses.,An education company is running a web application used by college students around the world. The application runs in an Amazon elastic container service Amazon ECS cluster in an autoscaling group behind an application load balancer ALB. A system administrator detects a weekly spike in the number of failed login attempts which overwhelm the application's authentication service. All the failed login attempts originate from about 500 different IP addresses that change each week. A solution's architect must prevent the failed login attempts from overwhelming the authentication service. Which solution meets these requirements with the most operational efficiency. Use AWS firewall manager to create a security group and security group policy to deny access from the IP addresses.,Create an AWSWAF web ACL with a rate based rule and set the rule action to block. Connect the web ACL to the ALB.,Use AWS firewall manager to create a security group and security group policy to allow access only to specific CI ranges.,Create an AWS WAF web ACL with an IP set match rule and set the rule action to block. Connect the web ACL to the ALB.,,,B
SAP-C02,Task 1.5: Determine cost optimization and visibility strategies.,"A company is migrating to the cloud. It wants to evaluate the configurations of virtual machines in its existing data center environment to ensure that it can size new Amazon EC2 instances accurately. The company wants to collect metrics such as CPU, memory, and disk utilization, and it needs an inventory of what processes are running on each instance. The company would also like to monitor network connections to map communications between servers which would enable the collection of this data most cost effectively. Use AWS application discovery service and deploy the data collection agent to each virtual machine in the data center.","A company is migrating to the cloud. It wants to evaluate the configurations of virtual machines in its existing data center environment to ensure that it can size new Amazon EC2 instances accurately. The company wants to collect metrics such as CPU, memory, and disk utilization, and it needs an inventory of what processes are running on each instance. The company would also like to monitor network connections to map communications between servers which would enable the collection of this data most cost effectively. Use AWS application discovery service and deploy the data collection agent to each virtual machine in the data center.",Configure the Amazon Cloudatch agent on all servers within the local environment and publish metrics to Amazon Cloudatch logs.,Use AWS application discovery service and enable agentless discovery in the existing virtualization environment.,Enable AWS application discovery service in the AWS management console and configure the corporate firewall to allow scans over a VPN.,,,A
SAP-C02,Task 1.1: Architect network connectivity strategies.,A company hosts a web application on AWS in the US East1 region. The application servers are distributed across three availability zones behind an application load balancer. The database is hosted in a MySQL database on an Amazon EC2 instance. A solutions architect needs to design a cross region data recovery solution using AWS services with an RTO of less than 5 minutes and an RPO of less than 1 minute. The solutions architect is deploying application servers in US West 2 and has configured Amazon Route 53 health checks and DNS failover to US West 2. Which additional step should the solutions architect take?,Migrate the database to an Amazon RDS for MySQL instance with a cross region read replica in US West 2.,Migrate the database to an Amazon Aurora global database with the primary in US East one and the secondary in US West 2.,Migrate the database to an Amazon RDS for MySQL instance with a multi-AZ deployment.,Create a MySQL standby database on an Amazon EC2 instance in US West 2.,,,B
SAP-C02,Task 2.3: Determine security controls based on requirements.,"A solutions architect is preparing to deploy a new security tool into several previously unused AWS regions. The solutions architect will deploy the tool by using an AWS cloud for stack set. The stack sets template contains an IM role that has a custom name. Upon creation of the stack set, no stack instances are created successfully. What should the solutions architect do to deploy the stack successfully?",Enable the new regions in all relevant accounts. Specify the capability namedamed im capability during the creation of the stack set.,Use the service quotas console to request a quota increase for the number of cloud formation stacks in each new region in all relevant accounts. Specify the capability im capability during the creation of the stack set.,Specify the capability underscore named underscore im capability and the selfc_managed permissions model during the creation of the stack set.,Specify an administration role ARN and the capability im capability during the creation of the stack set.,,,A
SAP-C02,Task 1.2: Prescribe security controls.,A company has an organization in AWS organizations. The company is using AWS control tower to deploy a landing zone for the organization. The company wants to implement governance and policy enforcement. The company must implement a policy that will detect Amazon RDSDB instances that are not encrypted at rest in the company's production OU. Which solution will meet this requirement?,Turn on mandatory guardrails in AWS control tower. Apply the mandatory guardrails to the production OU.,Enable the appropriate guardrail from the list of strongly recommended guardrails in AWS control tower. Apply the guardrail to the production OU.,Use AWS config to create a new mandatory guardrail. Apply the rule to all accounts in the production OU.,Create a custom SCP in AWS control tower. Apply the SCP to the production OU.,,,B
SAP-C02,Task 1.5: Determine cost optimization and visibility strategies.,A solutions architect must create a business case for migration of a company's on premises data center to the AWS cloud. The solutions architect will use a configuration management database CMDB export of all the company's servers to create the case. Which solution will meet these requirements most cost effectively?,Use AWS wellarchchitected tool to import the CMDB data to perform an analysis and generate recommendations.,Use migration evaluator to perform an analysis. Use the data import template to upload the data from the CMDB export.,Implement resource matching rules. Use the CMDB export and the AWS price list bulk API to query CMDB data against AWS services in bulk.,Use AWS application discovery service to import the CMDB data to perform an analysis.,,,B
SAP-C02,Task 2.1: Design a deployment strategy to meet business requirements.,A solutions architect must update an application environment within AWS elastic beantock using a blue/green deployment methodology. The solutions architect creates an environment that is identical to the existing application environment and deploys the application to the new environment. What should be done next to complete the update?,Redirect to the new environment using Amazon Route 53.,Select the swap environment URLs option.,Replace the autoscaling launch configuration.,Update the DNS records to point to the green environment.,,,B
SAP-C02,Task 3.1: Determine a strategy to improve overall operational excellence.,"A company has a web application that uses Amazon API gateway, AWS Lambda, and Amazon Dynamo DB. A recent marketing campaign has increased demand. Monitoring software reports that many requests have significantly longer response times than before the marketing campaign. A solutions architect enabled Amazon Cloudatch logs for API gateway and noticed that errors are occurring on 20% of the requests. In Cloudatch, the Lambda function throttles metric represents 1% of the requests and the errors metric represents 10% of the requests. Application logs indicate that when errors occur, there is a call to Dynamo DB. What change should the solutions architect make to improve the current response times as the web application becomes more popular? Increase the concurrency limit of the Lambda function.",Increase the concurrency limit of the Lambda function.,Implement DynamoB autoscaling on the table.,Increase the API gateway throttle limit.,Recreate the DynamoB table with a better partition primary index.,,,B
SAP-C02,Task 1.3: Design reliable and resilient architectures.,"An adventure company has launched a new feature on its mobile app. Users can use the feature to upload their hiking and rafting photos and videos anytime. The photos and videos are stored in Amazon S3 standard storage in an S3 bucket and are served through Amazon CloudFront. The company needs to optimize the cost of the storage. A solutions architect discovers that most of the uploaded photos and videos are accessed infrequently after 30 days. However, some of the uploaded photos and videos are accessed frequently after 30 days. The solutions architect needs to implement a solution that maintains millisecond retrieval availability of the photos and videos at the lowest possible cost. Which solution will meet these requirements?",Configure S3 intelligent tiering on the S3 bucket.,Configure an S3 life cycle policy to transition image objects and video objects from S3 standard to S3 Glacier deep archive after 30 days.,Replace Amazon S3 with an Amazon Elastic file system. Amazon EFS file system that is mounted on Amazon EC2 instances.,Add a cache control max age header to the S3 image objects and S3 video objects. Set the header to 30 days.,,,A
SAP-C02,Task 1.2: Prescribe security controls.,A company's compliance audit reveals that some Amazon elastic block store. Amazon EBS volumes that were created in an AWS account were not encrypted. A solution's architect must implement a solution to encrypt all new EBS volumes at rest. Which solution will meet this requirement with the least effort? Create an Amazon event bridge rule to detect the creation of unencrypted EBS volumes? Invoke an AWS Lambda function to delete non-compliant volumes.,Create an Amazon event bridge rule to detect the creation of unencrypted EBS volumes? Invoke an AWS Lambda function to delete non-compliant volumes.,Use AWS audit manager with data encryption.,Create an AWS config rule to detect the creation of a new EBS volume. Encrypt the volume by using AWS systems manager automation.,Turn on EBS encryption by default in all AWS regions.,,,D
SAP-C02,Task 4.4: Determine opportunities for modernization and enhancements.,"A software as a service SAS provider exposes APIs through an application load balancer ALB. The ALB connects to an Amazon elastic Kubernetes service Amazon EKS cluster that is deployed in the US East1 region. The exposed APIs contain usage of a few non-standard REST methods. Link, unlink, lock, and unlock. Users outside the United States are reporting long and inconsistent response times for these APIs. A solutions architect needs to resolve this problem with a solution that minimizes operational overhead. Which solution meets these requirements?",Add an Amazon CloudFront distribution. Configure the ALB as the origin.,Add an Amazon API gateway edge optimized API endpoint to expose the APIs. Configure the ALB as the target.,Add an accelerator in AWS Global Accelerator. Configure the ALB as the origin.,"Deploy the APIs to two additional AWS regions, EU West one and AP Southeast. Two. Add Latency based routing records in Amazon Route 53.",,,C
SAP-C02,Task 1.1: Architect network connectivity strategies.,"A company manages hundreds of AWS accounts centrally in an organization in AWS organizations. The company recently started to allow product teams to create and manage their own S3 access points in their accounts. The S3 access points can be accessed only within VPCs, not on the internet. What is the most operationally efficient way to enforce this requirement? Set the S3 access point resource policy to deny the S3 create access point action unless the S3 access point network origin condition key evaluates to VPC.",Set the S3 access point resource policy to deny the S3 create access point action unless the S3 access point network origin condition key evaluates to VPC.,Create an SCP at the root level in the organization to deny the S3 create access point action unless the S3 access point network origin condition key evaluates to VPC.,Use AWS cloud formation stack sets to create a new IM policy in each AWS account that allows the S3 create access point action only if the S3 access point network origin condition key evaluates to VPC.,Set the S3 bucket policy to deny the S3 create access point action unless the S3 access point network origin condition key evaluates to VPC.,,,B
SAP-C02,Task 1.2: Prescribe security controls.,"A company deploys a new web application. As part of the setup, the company configures AWSWAF to log to Amazon S3 through Amazon Kinesis data fire hose. The company develops an Amazon Athena query that runs once daily to return AWSWAF log data from the previous 24 hours. The volume of daily logs is constant. However, over time, the same query is taking more time to run. A solution's architect needs to design a solution to prevent the query time from continuing to increase. The solution must minimize operational overhead. Which solution will meet these requirements?",Create an AWS Lambda function that consolidates each day's function that consolidates each day's AWSWAF logs into one log file.,Reduce the amount of data scanned by configuring AWSWAF to send logs to a different S3 bucket each day.,Update the Kinesis data fire host configuration to partition the data in Amazon S3 by date and time. Create external tables for Amazon Redshift. Configure Amazon Redshift spectrum to query the data source.,Modify the Kinesis data fire host configuration and Athena table definition to partition the data by date and time. Change the Athena query to view the relevant partitions.,,,D
SAP-C02,Task 1.5: Determine cost optimization and visibility strategies.,"A company is running a webcwling process on a list of target URLs to obtain training documents for machine learning training algorithms. A fleet of Amazon EC2T2.micro instances pulls the target URLs from an Amazon simple Q service Amazon SQSQ. The instances then write the result of the crawling algorithm as a.csv file to an Amazon elastic file system Amazon EFS volume. The EFS volume is mounted on all instances of the fleet. A separate system adds the URLs to the SQSQ at infrequent rates. The instances crawl each URL in 10 seconds or less. Metrics indicate that some instances are idle when no URLs are in the SQSQ. A solution's architect needs to redesign the architecture to optimize costs. Which combination of steps will meet these requirements most cost effectively? Choose two. Hey, use M5.8's large instances instead of T2.micro instances for the webcwling process. Reduce the number of instances in the fleet by 50%.","Choose two. Hey, use M5.8's large instances instead of T2.micro instances for the webcwling process. Reduce the number of instances in the fleet by 50%.",Convert the webcwling process into an AWS Lambda function. Configure the Lambda function to pull URLs from the SQSQ.,Modify the web crawling process to store results in Amazon Neptune.,Modify the webcwling process to store results in an Amazon Aurora serverless MySQL instance.,Modify the web crawling process to store results in Amazon S3.,,"B,E"
SAP-C02,Task 1.2: Prescribe security controls.,A company uses Amazon S3 to store files and images in a variety of storage classes. The company's S3 costs have increased substantially during the past year. A solutions architect needs to review data trends for the past 12 months and identity the appropriate storage class for the objects. Which solution will meet these requirements?,Download AWS cost and usage reports for the last 12 months of S3 usage. Review AWS trusted advisor recommendations for cost savings.,Use S3 storage class analysis. Import data trends into an Amazon Quicksite dashboard to analyze storage trends.,Use Amazon S3 storage lens. Upgrade the default dashboard to include advanced metrics for storage trends.,Use Access Analyze 19R for S3. Download the Access Analyzer for S3 report for the last 12 months. Import the CSV file to an Amazon Quicksite dashboard.,,,C
SAP-C02,Task 2.1: Design a deployment strategy to meet business requirements.,"A company runs a serverless application in a single AWS region. The application accesses external URLs and extracts metadata from those sites. The company uses an Amazon simple notification service, Amazon SNS topic to publish URLs to an Amazon simple Q service, Amazon SQS Q. An AWS Lambda function uses the Q as an event source and processes the URLs from the queue. Results are saved to an Amazon S3 bucket. The company wants to process each URL in other regions to compare possible differences in site localization. URLs must be published from the existing region. Results must be written to the existing S3 bucket in the current region. Which combination of changes will produce multi-reion deployment that meets these requirements? Choose to",Deploy the SQSQ with the Lambda function to other regions. B subscribe the SNS topic in each region to the SQSQ.,"subscribe the SNS topic in each region to the SQSQ is incorrect. This suggests deploying new SNS topics in the remote regions. However, the requirement states that URLs must be published from the existing region. We want one central publisher, not multiple regional publishers. The subscription relationship is also phrased backwards here. Typically, you subscribe a Q to a topic. Option",Subscribe the SQSQ in each region to the SNS topic.,Configure the SQSQ to publish URLs to SNS topics in each region.,Deploy the SNS topic and the Lambda function to other regions.,,"A,C"
SAP-C02,Task 2.5: Design a solution to meet performance objectives.,A company provides auction services for artwork and has users across North America and Europe. The company hosts its application in Amazon EC2 instances in the US East1 region. Artists upload photos of their work as large size. Highresolution image files from their mobile phones to a centralized Amazon S3 bucket created in the US East1 region. The users in Europe are reporting slow performance for their image uploads. How can a solutions architect improve the performance of the image upload process?,Redeploy the application to use S3 multi-art uploads.,Create an Amazon CloudFront distribution and point to the application as a custom origin.,Configure the buckets to use S3 transfer acceleration.,Create an autoscaling group for the EC2 instances and create a scaling policy.,,,C
SAP-C02,Task 1.1: Architect network connectivity strategies.,A company is migrating mobile banking applications to run on Amazon EC2 instances in a VPC. Back-end service applications run in an on premises data center. The data center has an AWS direct connect connection into AWS. The applications that run in the VPC need to resolve DNS requests to an on- premises Active Directory domain that runs in the data center. Which solution will meet these requirements with the least administrative overhead? Provision a set of EC2 instances across two availability zones in the VPC as caching DNS servers to resolve DNS queries from the application servers within the VPC.,Provision a set of EC2 instances across two availability zones in the VPC as caching DNS servers to resolve DNS queries from the application servers within the VPC.,Provision an Amazon Route 53 private hosted zone. Configure DNS records that point to on premises DNS servers.,Create DNS endpoints by using Amazon Route 53 resolver. Add conditional forwarding rules to resolve DNS name spaces between the on- premises data center and the VPC.,Provision a new active directory domain controller in the VPC with a birectional trust between this new domain and the on- premises active directory domain.,,,C
SAP-C02,Task 2.4: Design a strategy to meet reliability requirements.,"A company is running a two-tier web-based application in an on premises data center. The application layer consists of a single server running a stateful application. The application connects to a PostgreSQL database running on a separate server. The application's user base is expected to grow significantly. So the company is migrating the application and database to AWS. The solution will use Amazon Aurora PostgrSQL, Amazon EC2 autoscaling and elastic load balancing. Which solution will provide a consistent user experience that will allow the application and database tiers to scale? Enable Aurora autoscaling for Aurora replicas. Use a network load balancer with the least outstanding requests routing algorithm and sticky sessions enabled.",Enable Aurora autoscaling for Aurora replicas. Use a network load balancer with the least outstanding requests routing algorithm and sticky sessions enabled.,Enable Aurora autoscaling for Aurora writers. Use an application load balancer with the roundroin routing algorithm and sticky sessions enabled.,Enable Aurora autoscaling for Aurora replicas. Use an application load balancer with the roundroin routing and sticky sessions enabled.,Enable Aurora scaling for Aurora writers. Use a network load balancer with the least outstanding requests routing algorithm and sticky sessions enabled.,,,C
SAP-C02,Task 1.1: Architect network connectivity strategies.,A solutions architect is importing a VM from an on- premises environment by using the Amazon EC2VM import feature of AWS import export. The solutions architect has created an AMI and has provisioned an Amazon EC2 instance that is based on that AMI. The EC2 instance runs inside a public subnet in a VPC and has a public IP address assigned. The EC2 instance does not appear as a managed instance in the AWS systems manager console. Which combination of steps should the solutions architect take to troubleshoot this issue? Choose take to troubleshoot this issue? Choose two. Verify that systems manager agent is installed on the instance and is running.,Choose take to troubleshoot this issue? Choose two. Verify that systems manager agent is installed on the instance and is running.,Verify that the instance is assigned an appropriate IM role for systems manager.,Verify the existence of a VPC endpoint on the VPC.,Varity that the AWS application discovery agent is configured.,Verify the correct configuration of service linked roles for systems manager.,,"A,B"
SAP-C02,Task 1.1: Architect network connectivity strategies.,A company runs an application on a fleet of Amazon EC2 instances that are in private subnets behind an internet-facing application load balancer ALB. The ALB is the origin for an Amazon CloudFront distribution. An AWS WAF web ACL that contains various AWS managed rules is associated with the CloudFront distribution. The company needs a solution that will prevent internet traffic from directly accessing the ALB. Which solution will meet these requirements with the least operational requirements with the least operational overhead? Create a new web ACL that contains the same rules that the existing web ACL contains. Associate the new web ACL with the ALB.,Create a new web ACL that contains the same rules that the existing web ACL contains. Associate the new web ACL with the ALB.,Associate the existing web ACL with the ALB.,Add a security group rule to the ALB to allow traffic from the AWS managed prefix list for CloudFront only.,Add a security group rule to the ALB to allow only the various CloudFront IP address ranges.,,,C
SAP-C02,Task 2.5: Design a solution to meet performance objectives.,"A company has a new application that needs to run on five Amazon EC2 instances in a single AWS region. The application requires high throughput, low latency network connections between all of the EC2 instances where the application will run. There is no requirement for the application to be fault tolerant. Which solution will meet these requirements? Launch five new EC2 instances into a cluster placement group. Ensure that the EC2 instance type supports enhanced networking.",Launch five new EC2 instances into a cluster placement group. Ensure that the EC2 instance type supports enhanced networking.,Launch five new EC2 instances into an autoscaling group in the same availability zone. Attach an extra elastic network interface to each EC2 instance.,Launch five new EC2 instances into a partition placement group. Ensure that the EC2 instance type supports enhanced networking.,Launch five new EC2 instances into a spread placement group. Attach an extra elastic network interface to each EC2 instance.,,,A
SAP-C02,Task 1.5: Determine cost optimization and visibility strategies.,An online gaming company needs to optimize the cost of its workloads on AWS. The company uses a dedicated account to host the production environment for its online gaming application and an analytics application. Amazon EC2 instances host the gaming application and must always be available. The EC2 instances run all year. The analytics application uses data that is stored in Amazon S3. The analytics application can be interrupted and resumed without issue. Which solution will meet these requirements most cost effectively? A purchase an EC2 instance savings plan for the online gaming application instances. Use ondemand instances for the analytics application.,A purchase an EC2 instance savings plan for the online gaming application instances. Use ondemand instances for the analytics application.,Purchase an EC2 instance savings plan for the online gaming application instances. Use spot instances for the analytics application.,Use spot instances for the online gaming application and the analytics application. Set up a catalog in AWS service catalog to provision services at a discount.,Use on demand instances for the online gaming application. Use spot instances for the analytics application. Set up a catalog in AWS service catalog to provision services at a discount.,,,B
SAP-C02,Task 1.3: Design reliable and resilient architectures.,"A company runs a software as a service SAS application on AWS. The application consists of AWS Lambda functions and an Amazon RDS for MySQL multi-AZ database. During market events, the application has a much higher workload than normal. Users notice slow response times during the peak periods because of many database connections. The company needs to improve the scalable performance and availability of the database. Which solution meets these requirements? Create an Amazon Cloudatch alarm action that triggers a Lambda function to add an Amazon RDS for MySQL read replica when resource 10 utilization hits a threshold.",Create an Amazon Cloudatch alarm action that triggers a Lambda function to add an Amazon RDS for MySQL read replica when resource 10 utilization hits a threshold.,Migrate the database to Amazon Aurora and add a read replica. Add a database connection pool outside of the Lambda handler function.,Migrate the database to Amazon Aurora and add a read replica. Use Amazon Route 53 weighted records.,Migrate the database to Amazon Aurora and add an Aurora replica. Configure Amazon RDS proxy to manage database connection pools.,,,D
SAP-C02,Task 1.3: Design reliable and resilient architectures.,A company uses an AWS code commit repository. The company must store a backup copy of the data that is in the repository in a second AWS region. Which solution will meet these requirements?,Configure AWS elastic disaster recovery to replicate the code commit repository data to the second region.,Use AWS backup to backup the code commit repository on an hourly schedule. Create a cross region copy in the second region.,Create an Amazon event bridge rule to invoke AWS code build when the company pushes code to the repository. Use code build to clone the repository. Create a dotzip file of the content. Copy the file to an S3 bucket in the second region.,Create an AWS Step Functions workflow on an hourly schedule to take a snapshot of the code commit repository. Configure the workflow to copy the snapshot to an S3 bucket in the second region.,,,C
SAP-C02,Task 2.4: Design a strategy to meet reliability requirements.,"A company has an application that is deployed on Amazon EC2 instances behind an application load balancer ALB. The instances are part of an autoscaling group. The application has unpredictable workloads and frequently scales out and in. The company's development team wants to analyze application logs to find ways to improve the application's performance. However, the logs are no longer available after instances scale in. Which solution will give the development team the ability to view the application logs after a scale-in event?",Enable access logs for the ALB. Store the logs in an Amazon S3 bucket.,Configure the EC2 instances to publish logs to Amazon Cloudatch logs by using the unified Cloudatch agent.,Modify the autoscaling group to use a step scaling policy.,Instrument the application with AWS X-ray tracing.,,,B
SAP-C02,Task 1.3: Design reliable and resilient architectures.,"A solutions architect works for a government agency that has strict disaster recovery requirements. All Amazon Elastic Block Store, Amazon EBS snapshots are required to be saved in at least two additional AWS regions. The agency also is required to maintain the lowest possible operational overhead. Which solution meets these requirements?","Configure a policy in Amazon Data Life Cycle Manager, Amazon DM to run once daily to copy the EBS snapshots to the additional regions.",Use Amazon Event Bridge to schedule an AWS Lambda function to copy the EBS snapshots to the additional regions.,Set up AWS backup to create the EBS snapshots. Configure Amazon S3 cross region replication to copy the EBS snapshots to the additional regions.,Schedule Amazon EC2 image builder to run once daily to create an AMI and copy the AMI to the additional regions.,,,A
SAP-C02,Task 4.4: Determine opportunities for modernization and enhancements.,"A company has an on- premises data center and is using Kubernetes to develop a new solution on AWS. The company uses Amazon Elastic Kubernetes Service, Amazon EKS clusters for its development and test environments. The EKS control plane and data plane for production workloads must reside on premises. The company needs an AWS managed solution for Kubernetes management. Which solution will meet these requirements with the least operational overhead?",Install an AWS Outpost server in the on- premises data center. Deploy Amazon EKS by using a local cluster configuration on the outpost server for the production workloads.,Install Amazon EKS Anywhere on the company's hardware in the on- premises data center. Deploy the production workloads on an EKS Anywhere cluster.,Install an AWS Outpost server in the on- premises data center. Deploy Amazon EKS by using an extended cluster configuration on the outpost server for the production workloads.,Install an AWS Outpost server in the on- premises data center. Install Amazon EKS anywhere on the outpost server. Deploy the production workloads on an EKS anywhere cluster.,,,A
SAP-C02,Task 1.1: Architect network connectivity strategies.,"A large company is running a popular web application. The application runs on several Amazon EC2 Linux instances in an autoscaling group in a private subnet. An application load balancer is targeting the instances in the autoscaling group in the private subnet. AWS Systems Manager session manager is configured and AWS Systems Manager agent is running on all the EC2 instances. The company recently released a new version of the application. Some EC2 instances are now being marked as unhealthy and are being terminated. As a result, the application is running at reduced capacity. A solution's architect tries to determine the root cause by analyzing Amazon Cloudatch logs that are collected from the application. But the logs are inconclusive. How should the solutions architect gain access to an EC2 instance to troubleshoot the issue?",Suspend the autoscaling group's health check scaling process. Use session manager to log in to an instance that is marked as unhealthy.,Enable EC2 instance termination protection. Use session manager to log in to an instance that is marked as unhealthy.,Set the termination policy to oldest instance on the autoscaling group. Use session manager to log in to an instance that is marked and unhealthy.,Suspend the autoscaling groups terminate process. Use session manager to log in to an instance that is marked as unhealthy.,,,D
SAP-C02,Task 2.5: Design a solution to meet performance objectives.,"An online gaming company needs to rehost its gaming platform on AWS. The company's gaming application requires high performance computing, HPC processing, and has a leaderboard that changes frequently. An Ubuntu instance that is optimized for compute generation hosts a node.js JS application for game display. Game state is tracked in an on- premises Reddus instance. The company needs a migration strategy that optimizes application performance. Which solution will meet these requirements?",Create an autoscaling group of M5.Large Amazon EC2 spot instances behind an application load balancer. Use an Amazon elastic cache for Reddus cluster to maintain the leaderboard.,Create an autoscaling group of C5L large Amazon EC2 spot instances behind an application load balancer. Use an Amazon open search service cluster to maintain the leaderboard.,Create an autoscaling group of C5.Large Amazon EC2 on demand instances behind an application load balancer. Use an Amazon elastic cache for Reddus cluster to maintain the leaderboard.,Create an autoscaling group of M5.Large large Amazon EC2 on demand instances behind an application load balancer. Use an Amazon Dynamob table to maintain the leaderboard.,,,C
SAP-C02,Task 4.3: Determine a new architecture for existing workloads.,"A company is running an application in the AWS cloud. Recent application metrics show inconsistent response times and a significant increase in error rates. Calls to third party services are causing the delays. Currently, the application calls thirdparty services synchronously by directly invoking an AWS Lambda function. A solution's architect needs to decouple the third party service calls and ensure that all the calls are eventually completed. Which solution will meet these requirements?",Use an Amazon simple Q service Amazon SQS Q to store events and invoke the Lambda function.,Use an AWS step function state machine to pass events to the Lambda function.,Use an Amazon event bridge rule to pass events to the Lambda function.,"Use an Amazon simple notification service, Amazon SNS topic to store events and invoke the Lambda function.",,,A
SAP-C02,Task 1.4: Design a multi-account AWS environment.,A financial company needs to create a separate AWS account for a new digital wallet application. The company uses AWS organizations to manage its accounts. A solutions architect uses the IM user support one from the management account to create a new member account with to create a new member account with finance1@acample.com as the email address. What should the solutions architect do to create IM users in the new member account? Sign in to the AWS management console with AWS account root user credentials by using the 64 character password from the initial AWS organization's email sent to finance1@acample.com. Set up the IM users as required.,Sign in to the AWS management console with AWS account root user credentials by using the 64 character password from the initial AWS organization's email sent to finance1@acample.com. Set up the IM users as required.,"From the management account, switch roles to assume the organization account access role with the account ID of the new member account. Set up the IM users as required.",Go to the AWS management console signin page. Choose sign in using root account credentials. Sign in by using the email address by using the email address finance1@acample.com and the management accounts root password. Set up the IM users as required.,Go to the AWS management console signin page. Sign in by using the account ID of the new member account and the support 1 IM credentials. Set up the IM users as required.,,,B
SAP-C02,Task 2.2: Design a solution to ensure business continuity.,A company operates a static content distribution platform that serves customers globally. The customers consume content from their own AWS accounts. The company serves its content from an Amazon S3 bucket. The company uploads the content from its on- premises environment to the S3 bucket by using an S3 file gateway. The company wants to improve the platform's performance and reliability by serving content from the AWS region that is geographically closest to customers. The company must route the on- premises data to Amazon S3 with minimal latency and without public internet exposure. Which combination of steps will meet these requirements with the LE11 a operational overhead? Choose to implement S3 multi-reion access points. B use S3 cross region replication CRR to copy content to different regions.,Choose to implement S3 multi-reion access points. B use S3 cross region replication CRR to copy content to different regions.,"use S3 cross region replication CRR is incorrect. While CRR is technically required for multi-reion access points to work, you need the data in multiple buckets. Selecting CRR alone is insufficient. CRR just moves the data. It doesn't provide the intelligent routing mechanism to send users to the closest copy. You need the multi-reion access point. Option",Create an AWS Lambda function that tracks the routing of clients to regions.,Use an AWS sightto-sightVPN connection to connect to a multi-reion access point.,Use AWS private link and AWS direct connect to connect to a multi-reion access point.,,"A,E"
SAP-C02,Task 2.3: Determine security controls based on requirements.,A company needs to implement a patching process for its servers. The on- premises servers and Amazon EC2 instances use a variety of tools to perform patching. Management requires a single report showing the patch status of all the servers and instances. Which set of actions should a solutions architect take to meet these solutions architect take to meet these requirements? Use AWS Systems Manager to manage patches on the on premises servers and EC2 instances. Use systems manager to generate patch compliance reports.,Use AWS Systems Manager to manage patches on the on premises servers and EC2 instances. Use systems manager to generate patch compliance reports.,Use AWS Ops Works to manage patches on the on- premises servers and EC2 instances. Use Amazon Quicksite integration with Opsworks to generate patch compliance reports.,Use an Amazon EventBridge rule to apply patches by scheduling an AWS systems manager patch remediation job. Use Amazon Inspector to generate patch compliance reports.,Use AWS Ops Works to manage patches on the on premises servers and EC2 instances. Use AWS X-Ray to post the patch status to AWS systems manager openter center to generate patch compliance reports.,,,A
SAP-C02,Task 3.1: Determine a strategy to improve overall operational excellence.,Company is expanding. The company plans to separate its resources into hundreds of different AWS accounts in multiple AWS regions. A solutions architect must recommend a solution that denies access to any operations outside of specifically designated regions. Which solution will meet these requirements?,Create IM roles for each account. Create IM policies with conditional allow permissions that include only approved regions for the accounts.,Create an organization in AWS organizations. Create IM users for each account. Attach a policy to each user to block access to regions where an account cannot deploy infrastructure.,Launch an AWS control tower landing zone. Create O use and attach SCPs that deny access to run services outside of the approved regions.,Enable AWS security hub in each account. Create content trolls to specify the regions where an account can deploy infrastructure.,,,C
SAP-C02,Task 1.4: Design a multi-account AWS environment.,"A company is using AWS organizations to manage multiple accounts. Due to regulatory requirements, the company wants to restrict specific member accounts to certain AWS regions where they are permitted to deploy resources. The resources in the accounts must be tagged, enforced based on a group standard, and centrally managed with minimal configuration. What should a solutions architect do to meet these requirements?",Create an AWS config rule in the specific member accounts to limit regions and apply a tag policy.,"From the AWS billing and cost management console in the management account, disable regions for the specific member accounts and apply a tag policy on the root.",Associate the specific member accounts with the root. Apply a tag policy and an SCP using conditions to limit regions.,Associate the specific member accounts with a new OU. Apply a tag policy and an SCP using conditions to limit regions.,,,D
SAP-C02,Task 2.4: Design a strategy to meet reliability requirements.,"An e-commerce company is revamping its IT infrastructure and is planning to use AWS services. The company's CIO has asked a solutions architect to design a simple, highly available and loosely coupled order processing application. The application is responsible for receiving and processing orders before storing them in an Amazon Dynamo DB table. The application has a sporadic traffic pattern and should be able to scale during marketing campaigns to process the orders with minimal delays. Which of the following is the most reliable approach to meet the requirements?",receive the orders in an Amazon EC2 hosted database and use EC2 instances to process them.,receive the orders in an Amazon SQSQ and invoke an AWS Lambda function to process them.,Receive the orders using the AWS Step Functions program and launch an Amazon ECS container to process them.,Receive the orders in Amazon Kinesis data streams and use Amazon EC2 instances to process them.,,,B
SAP-C02,Task 1.5: Determine cost optimization and visibility strategies.,"A company used Amazon EC2 instances to deploy a web fleet to host a blog site. The EC2 instances are behind an application load balancer ALB and are configured in an autoscaling group. The web application stores all blog content on an Amazon EFS volume. The company recently added a feature for bloggers to add video to their posts, attracting 10 times the previous user traffic. At peak times of day, users report buffering and timeout issues while attempting to reach the site or watch videos, which is the most costefficient and scalable deployment that will resolve the issues for users. Reconfigure Amazon EFS to enable maximum IO.","A company used Amazon EC2 instances to deploy a web fleet to host a blog site. The EC2 instances are behind an application load balancer ALB and are configured in an autoscaling group. The web application stores all blog content on an Amazon EFS volume. The company recently added a feature for bloggers to add video to their posts, attracting 10 times the previous user traffic. At peak times of day, users report buffering and timeout issues while attempting to reach the site or watch videos, which is the most costefficient and scalable deployment that will resolve the issues for users. Reconfigure Amazon EFS to enable maximum IO.",Update the blog site to use instance store volumes for storage. Copy the S16ite contents to the volumes at launch and to Amazon S3 at shutdown.,Configure an Amazon CloudFront distribution. Point the distribution to an S3 bucket and migrate the videos from EFS to Amazon S3.,Set up an Amazon CloudFront distribution for all site contents and point the distribution at the ALB.,,,C
SAP-C02,Task 1.5: Determine cost optimization and visibility strategies.,"A company is running a compute workload by using Amazon EC2 spot instances that are in an autoscaling group. The launch template uses two placement groups and a single instance type. Recently, a monitoring system reported autoscaling instance launch failures that correlated with longer wait times for system users. The company needs to improve the overall reliability of the workload. Which solution will meet this requirement?",Replace the launch template with a launch configuration to use an autoscaling group that uses attribute-based instance type selection.,Create a new launch template version that uses attribute-based instance type selection. Configure the autoscaling group to use the new launch template version.,Update the launch template autoscaling group to increase the number of placement groups.,Update the launch template to use a larger instance type.,,,B
SAP-C02,Task 1.5: Determine cost optimization and visibility strategies.,"A financial services company loaded millions of historical stock trades into an Amazon Dynamob table. The table uses on demand capacity mode. Once each day at midnight, a few million new records are loaded into the table. Application read activity against the table happens in bursts throughout the day and a limited set of keys are repeatedly looked up. The company needs to reduce costs associated with Dynamo DB. Which strategy should a solutions architect recommend to meet this requirement?",Deploy an Amazon elastic cluster in front of the Dynamob table.,Deploy DynamoB accelerator DAX. Configure DynamoB autoscaling. Purchase savings plans in cost explorer.,Use provisioned capacity mode. Purchase savings plans in cost explorer.,Deploy DynamoB accelerator DAX. Use provisioned capacity mode. Configure DynamoB autoscaling.,,,D
SAP-C02,Task 1.3: Design reliable and resilient architectures.,A company has a critical application in which the data tier is deployed in a single AWS region. The data tier uses an Amazon DynamoDB table and an Amazon Aurora MySQL DB cluster. The current Aurora MySQL engine version supports a global database. The application tier is already deployed in two regions. Company policy states that critical applications must have application tier components and data tier components deployed across two regions. The RTO and RPO must be no more than a few minutes each. A solutions architect must recommend a solution to make the data tier compliant with company policy. Which combination of steps will meet these requirements? Choose two.,Add another region to the Aurora MySQL DB cluster.,Add another region to each table in the Aurora MySQL DB cluster.,Set up scheduled cross-region backups for the DynamoDB table and the Aurora MySQL DB cluster.,Convert the existing DynamoDB table to a global table by adding another region to its configuration.,Use Amazon Route 53 application recovery controller to automate database backup and recovery to the secondary region.,,"A,D"
SAP-C02,Task 1.3: Design reliable and resilient architectures.,"A company is currently in the design phase of an application that will need an RPO of less than 5 minutes and an RTO of less than 10 minutes. The solutions architecture team is forecasting that the database will store approximately 10 terabytes of data. As part of the design, they are looking for a database solution that will provide the company with the ability to fail over to a secondary region. Which solution will meet these business requirements at the lowest cost?","Deploy an Amazon Aurora DB cluster and take snapshots of the cluster every 5 minutes. Once a snapshot is complete, copy the snapshot to a secondary region to serve as a backup in the event of a failure.","Deploy an Amazon RDS instance with a cross-region read replica in a secondary region. In the event of a failure, promote the read replica to become the primary.",Deploy an Amazon Aurora DB cluster in the primary region and another in a secondary region. Use AWS DMS to keep the secondary region in sync.,"Deploy an Amazon RDS instance with a read replica in the same region. In the event of a failure, promote the read replica to become the primary.",,,B
SAP-C02,Task 1.1: Architect network connectivity strategies.,"A company is running a web application in a VPC. The web application runs on a group of Amazon EC2 instances behind an application load balancer, ALB. The ALB is using AWS WAF. An external customer needs to connect to the web application. The company must provide IP addresses to all external customers. Which solution will meet these requirements with the least operational overhead?","replace the ALB with a network load balancer, NLB. Assign an elastic IP address to the NLB.",allocate an elastic IP address. Assign the elastic IP address to the AL. Provide the elastic IP address to the customer.,create an AWS Global Accelerator standard accelerator. Specify the ALB as the accelerator's endpoint. Provide the accelerator's IP addresses to the customer.,configure an Amazon CloudFront distribution. Set the ALB as the origin. Ping the distribution's DNS name to determine the distribution's public IP address. Provide the IP address to the customer.,,,C
SAP-C02,Task 2.3: Determine security controls based on requirements.,"A company has an application that generates reports and stores them in an Amazon S3 bucket. When a user accesses their report, the application generates a signed URL to allow the user to download the report. The company's security team has discovered that the files are public and that anyone can download them without authentication. The company has suspended the generation of new reports until the problem is resolved. Which set of actions will immediately remediate the security issue without impacting the application's normal workflow? Create an AWS Lambda function that applies a deny all policy for users who are not authenticated. Create a scheduled event to invoke the Lambda function.",Create an AWS Lambda function that applies a deny all policy for users who are not authenticated. Create a scheduled event to invoke the Lambda function.,review the AWS Trusted Advisor bucket permissions check and implement the recommended actions.,run a script that puts a private ACL on all of the objects in the bucket.,use the block public access feature in Amazon S3 to set the ignore public ACLs option to true on the bucket.,,,D
SAP-C02,Task 2.4: Design a strategy to meet reliability requirements.,"A company has implemented an ordering system using an event-driven architecture. During initial testing, the system stopped processing orders. Further log analysis revealed that one order message in an Amazon Simple Queue Service, Amazon SQS, standard queue was causing an error on the back end and blocking all subsequent order messages. The visibility timeout of the queue is set to 30 seconds, and the back end processing timeout is set to 10 seconds. A solutions architect needs to analyze faulty order messages and ensure that the system continues to process subsequent messages. Which step should the solutions architect take to meet these requirements? Increase the back end processing timeout to 30 seconds to match the visibility timeout.",Increase the back end processing timeout to 30 seconds to match the visibility timeout.,reduce the visibility timeout of the queue to automatically remove the faulty message.,configure a new SQS FIFO queue as a dead letter queue to isolate the faulty messages.,configure a new SQS standard queue as a dead letter queue to isolate the faulty messages.,,,D
SAP-C02,Task 1.3: Design reliable and resilient architectures.,"A company has a project that is launching Amazon EC2 instances that are larger than required. The project's account cannot be part of the company's organization in AWS Organizations due to policy restrictions to keep this activity outside of corporate IT. The company wants to allow only the launch of t3.small EC2 instances by developers in the project's account. These EC2 instances must be restricted to the US East 2 region. What should a solutions architect do to meet these requirements? Create a new developer account. Move all EC2 instances, users, and assets into US East 2. Add the account to the company's organization in AWS Organizations. Enforce a tagging policy that denotes region affinity.","Create a new developer account. Move all EC2 instances, users, and assets into US East 2. Add the account to the company's organization in AWS Organizations. Enforce a tagging policy that denotes region affinity.",create an SCP that denies the launch of all EC2 instances except t3.small EC2 instances in US East 2. Attach the SCP to the project's account.,create and purchase a t3.small EC2 reserved instance for each developer in US East 2. Assign each developer a specific EC2 instance with their name as the tag.,create an IAM policy that allows the launch of only t3.small EC2 instances in US East 2. Attach the policy to the roles and groups that the developers use in the project's account.,,,D
SAP-C02,Task 1.2: Prescribe security controls.,"A company has 10 accounts that are part of an organization in AWS Organizations. AWS Config is configured in each account. All accounts belong to either the prod OU or the non-prod OU. The company has set up an Amazon EventBridge rule in each AWS account to notify an Amazon Simple Notification Service, Amazon SNS, topic when an Amazon EC2 security group inbound rule is created with 0.0.0.0/0 inbound rule is created with 0.0.0.0/0 as the source. The company's security team is subscribed to the SNS topic. For all accounts in the non-prod OU, the security team needs to remove the ability to create a security group inbound rule that includes 0.0.0.0/0 as the source. Which solution will meet this requirement with the least operational overhead? Modify the EventBridge rule to invoke an AWS Lambda function to remove the security group inbound rule and to publish to the SNS topic. Deploy the updated rule to the non-prod OU.",Modify the EventBridge rule to invoke an AWS Lambda function to remove the security group inbound rule and to publish to the SNS topic. Deploy the updated rule to the non-prod OU.,add the VPC SG open only to authorized ports AWS Config managed rule to the non-prod OU.,configure an SCP to allow the EC2 configure an SCP to allow the EC2 AuthorizeSecurityGroupIngress action when the value of the AWS SourceIp condition key is not 0.0.0.0/0. Apply the SCP to the non-prod OU. Apply the SCP to the non-prod OU.,configure an SCP to deny the EC2 configure an SCP to deny the EC2 AuthorizeSecurityGroupIngress action when the value of the AWS SourceIp condition key is 0.0.0.0/0. Apply the SCP to the non-prod OU.,,,D
SAP-C02,Task 1.1: Architect network connectivity strategies.,A company is storing data on premises on a Windows file server. The company produces 5 GB of new data daily. The company migrated part of its Windows-based workload to AWS and needs the data to be available on a file system in the cloud. The company already has established an AWS Direct Connect connection between the on-premises network and AWS. Which data migration strategy should the company use? Use the file gateway option in AWS Storage Gateway to replace the existing Windows file server and point the existing file share to the new file gateway.,Use the file gateway option in AWS Storage Gateway to replace the existing Windows file server and point the existing file share to the new file gateway.,Use AWS DataSync to schedule a daily task to replicate data between the on-premises Windows file server and Amazon FSx.,"Use AWS Data Pipeline to schedule a daily task to replicate data between the on-premises Windows file server and Amazon Elastic File System, Amazon EFS. Amazon Elastic File System, Amazon EFS.","Use AWS DataSync to schedule a daily task to replicate data between the on-premises Windows file server and Amazon Elastic File System, Amazon EFS.",,,B
SAP-C02,Task 2.5: Design a solution to meet performance objectives.,"A company is deploying a distributed in-memory database on a fleet of Amazon EC2 instances. The fleet consists of a primary node and eight worker nodes. The primary node is responsible for monitoring cluster health, accepting user requests, distributing user requests to worker nodes, and sending an aggregate response back to a client. Worker nodes communicate with each other to replicate data partitions. The company requires the lowest possible networking latency to achieve maximum performance. Which solution will meet these requirements?",Launch memory optimized EC2 instances in a partition placement group.,Launch compute optimized EC2 instances in a partition placement group.,Launch memory optimized EC2 instances in a cluster placement group.,Launch compute optimized EC2 instances in a spread placement group.,,,C
SAP-C02,Task 1.1: Architect network connectivity strategies.,"A company hosts a VPN in an on-premises data center. Employees currently connect to the VPN to access files in their Windows home directories. Recently, there has been a large growth in the number of employees who work remotely. As a result, bandwidth usage for connections into the data center has begun to reach 100% during business hours. The company must design a solution on AWS that will support the growth of the company's remote workforce, reduce the bandwidth usage for connections into the data center, and reduce operational overhead. Which combination of steps will meet these requirements with the least operational overhead? Choose two.",create an AWS storage gateway volume gateway. Mount a volume from the volume gateway to the on-premises file server. gateway to the on-premises file server.,migrate the home directories to Amazon FSx for Windows file server.,migrate the home directories to Amazon FSx for Lustre.,migrate remote users to AWS client VPN. migrate remote users to AWS client VPN.,create an AWS Direct Connect connection from the on-premises data center to AWS.,,"B,D"
SAP-C02,Task 1.2: Prescribe security controls.,A company is migrating an application to AWS. It wants to use fully managed services as much as possible during the migration. The company needs to store large important documents within the application with the following requirements. The data must be highly durable and available. The data must always be encrypted at rest and in transit. The encryption key must be managed by the company and rotated periodically. Which of the following solutions should the solutions architect recommend? A deploy the storage gateway to AWS in file gateway mode. Use Amazon EBS volume encryption using an AWS KMS key to encrypt the storage gateway volumes.,A deploy the storage gateway to AWS in file gateway mode. Use Amazon EBS volume encryption using an AWS KMS key to encrypt the storage gateway volumes.,Use Amazon S3 with a bucket policy to enforce HTTPS for connections to the bucket and to enforce serverside encryption and AWSKMS for object encryption.,Use Amazon DynamoB with SSL to connect to Dynamo DB. Use an AWS KMS key to encrypt Dynamob objects at rest.,Deploy instances with Amazon EBS volumes attached to store this data. Use EBS volume encryption using an AWS KMS key to encrypt the data.,,,B
SAP-C02,Task 1.1: Architect network connectivity strategies.,A company wants to send data from its on premises systems to Amazon S3 buckets. The company created the S3 buckets in three different accounts. The company must send the data privately without the data traveling across the internet. The company has no existing dedicated connectivity to AWS. Which combination of steps should a solutions architect take to meet these requirements? Choose to a establish a networking account in the AWS cloud. Create a private VPC in the network 10G account. Set up an AWS Direct Connect connection with a private VIF between the on- premises environment and the private VPC.,Choose to a establish a networking account in the AWS cloud. Create a private VPC in the network 10G account. Set up an AWS Direct Connect connection with a private VIF between the on- premises environment and the private VPC.,Establish a networking account in the AWS cloud. Create a private VPC in the networking account. Set 15 up and AWS Direct CO6 connection with a public VIF between the on- premises environment and the private VPC.,Create an Amazon S3 interface endpoint in the networking account.,Create an Amazon S3 gateway endpoint in the networking account.,Establish a networking account in the AWS cloud. Create a private VPC in the networking account. Peer VPCs from the accounts that host the S3 buckets with the VPC in the network account.,,"A,C"
SAP-C02,Task 1.1: Architect network connectivity strategies.,An AWS customer has a web application that runs on premises. The web application fetches data from a third-party API that is behind a firewall. The third party accepts only one public CID block in each client's allow list. The customer wants to migrate their web application to the AWS cloud. The application will be hosted on a set of Amazon EC2 instances behind an application load balancer ALB in a VPC. The ALB is located in public subnets. The EC2 instances are located in private subnets.NAT gateways provide internet access to the private subnets. How should a solutions architect ensure that the web application can continue to call the third party API after the migration?,Associate a block of customerowned public IP addresses to the VPC. Enable public IP addressing for public subnets in the VPC.,Register a block of customerowned public IP addresses in the AWS account. Create elastic IP addresses from the address block and assign them to the NAT gateways in the VPC.,Create elastic IP addresses from the block of customerowned IP addresses. Assign the static elastic IP addresses to the ALB.,Register a block of customer-owned public IP addresses in the AWS account. Set up AWS Global Accelerator to use elastic IP addresses from the address block. Set the ALB as the accelerator endpoint.,,,B
SAP-C02,Task 1.5: Determine cost optimization and visibility strategies.,A company wants to migrate its website to AWS. The website uses containers that are deployed in an on premises self-managed Kubernetes cluster. All data for the website is stored in an on- premises Postgregql database. The company has decided to migrate the on- premises Kubernetes cluster to an Amazon elastic kubernetes service Amazon EKS cluster. The EKS cluster will use EKS managed node groups with a static number of nodes. The company will also migrate the on- premises database to an Amazon RDS for PostgreSQL database. A solutions architect needs to estimate the total cost of ownership TCO for this workload before the migration. Which solution will provide the required TCO information?,Request access to migration evaluator. Run the migration evaluator collector and import the data. Configure a scenario. Export a quick insights report from Migra 10 evaluator.,Launch AWS database migration service. AWSDMS for the on premises database. Generate an assessment report. Create an estimate in AWS pricing calculator for the costs of the EKS migration.,Initialize AWS application migration service. Add the on- premises servers as source servers. Launch a test instance. Output a TCO report from application migration service.,Access the AWS cloud economic center web page to assess the AWS cloud value framework. Create an AWS cost and usage report from the cloud value framework.,,,A
SAP-C02,Task 1.1: Architect network connectivity strategies.,"A finance company hosts a data lake in Amazon S3. The company receives financial data records over SFTP each night from several third parties. The company runs its own SFTP server on an Amazon EC2 instance in a public subnet of a VPC. After the files are uploaded, they are moved to the data lake by a cron job that runs on the same instance. The SFTP server is reachable on DNS The SFTP server is reachable on DNS SFTP.ample.com through the use of Amazon Route 53. What should a solutions architect do to improve the reliability and scalability of the SFTP solution?",Move the EC2 instance into an autoscaling group. Place the EC2 instance behind an application load balancer ALB. Update the DNS record SFTP.ample.com in route 53 to point to the ALB.,Migrate the SFTP server to AWS transfer for SFTP. Update the DNS record for SFTP. Update the DNS record SFTP.ample.com in route 53 to point to the server endpoint host name.,Migrate the SFTP server to a file gateway in AWS storage gateway. Update the DNS record gateway. Update the DNS record SFTP.ample.com in route 53 to point to the file gateway endpoint.,Place the EC2 instance behind a network load balancer NLB. Update the DNS record sftp.acample.com in route 53 to point to the NLB.,,,B
SAP-C02,Task 1.5: Determine cost optimization and visibility strategies.,A company recently deployed an application on AWS. The application uses Amazon DynamoB. The company measured the application load and configured the RCUs and WCUs on the Dynamob table to match the expected peak load. The peak load occurs once a week for a 4-hour period and is double the average load. The application load is close to the average load for the rest of the week. The access pattern includes many more rights to the table than reads of the table. A solution's architect needs to implement a solution to minimize the cost of the table. Which solution will meet these requirements?,Use AWS application autoscaling to increase capacity during the peak period. Purchase reserved RCUs and WCUs to match the average load.,Configure on demand capacity mode for the table. on demand capacity mode for the table.,Configure DynamoB accelerator DAX in front of the table. Reduce the provisioned read capacity to match the new peak load on the table.,Configure Dynamob accelerator DAX in front of the table. Configure ondemand capacity mode for the table.,,,A
SAP-C02,Task 1.1: Architect network connectivity strategies.,A company is hosting an image processing service on AWS in a VPC. The VPC extends across two availability zones. Each availability zone contains one public subnet and one private subnet. The service runs on Amazon EC2 instances in the private subnets. An application load balancer in the public subnets is in front of the service. The service needs to communicate with the internet and does so through two NAT gateways. The service uses Amazon S3 for image storage. The EC2 instances retrieve approximately one of data from an S3 bucket each day. The company has promoted the service as highly secure. A solutions architect must reduce cloud expenditures as much as possible without compromising the services security posture or increasing the time spent on ongoing operations. Which solution will meet these requirements?,Replace the NAT gateways with NAT instances in the VPC route table. Create a route from the private subnets to the NAT instances.,Move the EC2 instances to the public subnets. Remove the NAT gateways.,Set up an S3 gateway VPC endpoint in the VP attach an endpoint policy to the endpoint to allow the required actions on the S3 bucket. Datt attach an Amazon elastic file system Amazon EFS volume to the EC2 instances. Host the images on the EFS volume.,"migrate to Amazon EFS is incorrect. Cost Amazon EFS storage is significantly more expensive than Amazon S3. Approximate 30 cents per gigabyte versus 0.023 per gigabyte for S3 standard. Moving 1 TBTE of data storage to EFS would likely increase the monthly bill drastically, failing the goal to reduce cloud expenditures. Therefore, the correct solution is C.",,,C
SAP-C02,Task 2.3: Determine security controls based on requirements.,A weather service provides highresolution weather maps from a web application hosted on AWS in the EU West one region. The weather maps are updated frequently and stored in Amazon S3 along with static HTML content. The web application is fronted by Amazon CloudFront. The company recently expanded to serve users in the US East one region and these new users report that viewing their respective weather maps is slow from time to time. Which combination of steps will resolve the US East1 performance issues. Choose two. A configure the AWS global accelerator endpoint for the S3 bucket in EU West one. Configure endpoint groups for TCP ports 80 and 443 in US East one.,A weather service provides highresolution weather maps from a web application hosted on AWS in the EU West one region. The weather maps are updated frequently and stored in Amazon S3 along with static HTML content. The web application is fronted by Amazon CloudFront. The company recently expanded to serve users in the US East one region and these new users report that viewing their respective weather maps is slow from time to time. Which combination of steps will resolve the US East1 performance issues. Choose two. A configure the AWS global accelerator endpoint for the S3 bucket in EU West one. Configure endpoint groups for TCP ports 80 and 443 in US East one.,Create a new S3 bucket in US East one. Configure S3 cross region replication to synchronize from the S3 bucket in EU West one.,Use Lambda at edge to modify requests from North America to use the S3 transfer acceleration endpoint in US East one.,Use lambda at edge to modify requests from North America to use the S3 bucket in US East one.,Configure the AWS global accelerator endpoint for US East1 as an origin on the CloudFront distribution. Use Lambda at edge to modify requests from North America to use the new origin.,,"B,D"
SAP-C02,Task 1.4: Design a multi-account AWS environment.,A company is designing an AWS organization structure. The company wants to standardize a process to apply tags across the entire organization. The company will require tags with specific values when a user creates a new resource. Each of the company's OUS will have unique tag values. Which solution will meet these values. Which solution will meet these requirements? Use an SCP to deny the creation of resources that do not have the required tags. Create a tag policy that includes the tag values that the company has assigned to each OU. Attach the tag policies to the OUS.,Use an SCP to deny the creation of resources that do not have the required tags. Create a tag policy that includes the tag values that the company has assigned to each OU. Attach the tag policies to the OUS.,Use an SCP to deny the creation of resources that do not have the required tags. Create a tag policy that includes the 10 tag values that the company has assigned to each OU. Attach the tag policies to the organization's management account.,Use an SCP to allow the creation of resources only when the resources have the required tags. Create a tag policy that includes the tag values that the company has assigned to each OU. Attach the tag policies to the OUS.,Use an SCP to deny the creation of resources that do not have the required tags. Define the list of tags. Attach the SCP to the O use.,,,A
SAP-C02,Task 1.1: Architect network connectivity strategies.,A large company runs workloads in VPCs that are deployed across hundreds of AWS accounts. Each VPC consists of public subnets and private subnets that span across multiple availability zones. NAT gateways are deployed in the public subnets and allow outbound connectivity to the internet from the private subnets. A solutions architect is working on a hub and spoke design. All private subnets in the spoke VPCs must route traffic to the internet through an egress VPC. The solutions architect already has deployed a NAT gateway in an egress VPC in a central AWS account. Which set of additional steps should the solutions architect take to meet these requirements?,Create peering connections between the egress VPC and the spoke VPCs. Configure the required routing to allow access to the internet.,Create a transit gateway and share it with the existing AWS accounts. Attach existing VPCs to the transit gateway. Configure the required routing to allow access to the internet point8.,Create a transit gateway in every account. Attach the NAT gateway to the transit gateways. Configure the required routing to allow access to the internet.,Create an AWS private link connection between the egress VPC and the spoke VPCs. Configure the required routing to allow access to the internet.,,,B
SAP-C02,Task 1.1: Architect network connectivity strategies.,"A company runs an application on an Amazon EC2 instance in a private VPC. The application accesses data from an Amazon S3 bucket. Currently, the application has outbound internet access through existing NAT gateways. The company establishes an AWS site-to-site VPN connection from the company's on-premises office to the VPC. The company wants both the application and the on-premises users to access the S3 bucket without traversing the public internet. The company also wants to remove the NAT gateways. Which solution will meet these requirements?","create an S3 gateway endpoint with private DNS inside the VPC, update the routing for the on-premises environment to route the traffic for the S3 bucket to the gateway endpoint that is inside the VPC. Update the on-premises DNS to use the private DNS names for the S3 bucket.",create both an S3 gateway endpoint and an S3 interface endpoint with private DNS inside the VPC. Update the routing for each of the VPC subnets and the on-premises environment. Update the on-premises DNS to use the private DNS names for the S3 bucket.,install Mountpoint for Amazon S3 on the EC2 instance. Mount the S3 bucket directly to the EC2 instance. Configure the application to use the new mount point to access the S3 bucket.,install storage browser for S3 on the EC2 instance and add it to the application. Ensure that the users of the application use storage browser to access the S3 data.,,,B
SAP-C02,Task 1.5: Determine cost optimization and visibility strategies.,A company ingests and processes streaming market data. The data rate is constant. A nightly process that calculates aggregate statistics takes 4 hours to complete. The statistical analysis is not critical to the business and data points are processed during the next iteration if a particular run next iteration if a particular run fails. The current architecture uses a pool of Amazon EC2 reserved instances with 1-year reservations. These EC2 instances run full-time to ingest and store the streaming data in attached Amazon EBS streaming data in attached Amazon EBS volumes. A scheduled script launches EC2 on-demand instances each night to perform the nightly processing. The instances access the stored data from NFS shares on the ingestion servers. The script terminates the instances when the processing is complete. The reserved instance reservations are expiring. The company needs to determine whether to purchase new reservations or implement a new design. Which solution will meet these requirements most cost-effectively? Most.,update the ingestion process to use Amazon Data Firehose to save data to Amazon S3. Use a scheduled script to launch a fleet of EC2 on-demand instances each night to perform the batch processing of the S3 data. Configure the script to terminate the instances when the processing is the instances when the processing is complete.,Update the ingestion process to use Amazon Data Firehose to save data to Amazon S3. Use AWS Batch with spot instances to perform nightly processing with a maximum spot price that is 50% of the on-demand price.,Update the ingestion process to use a fleet of EC2 reserved instances with 3-year reservations behind a network load balancer. Use AWS Batch with spot instances to perform nightly processing with a maximum spot price that is 50% of the on-demand price.,Update the ingestion process to use Amazon Data Firehose to save data to Amazon Redshift. Use Amazon EventBridge to schedule an AWS Lambda function to run nightly to query Amazon Redshift to generate the daily statistics.,,,B
SAP-C02,Task 1.4: Design a multi-account AWS environment.,A company is deploying a third-party web application to an AWS account. The company wants to deploy the application across multiple Amazon EC2 instances. The company must have the ability to scale horizontally when necessary. The application uses browser cookies for session state management. The application requires session affinity. Which solution will meet these requirements?,"Assign each EC2 instance a public IP address. Configure an Amazon Route 53 multi-value A record for the application, enable health checks for the A record, configure a Route 53 resolver rule that ensures a specific cookie value will consistently return the same EC2 instance, access the application by using the Route 53 A record.","place the EC2 instances in an auto scaling group, configure an Amazon CloudFront distribution and set the auto scaling group as the origin, create a CloudFront function to handle viewer requests, include cookie processing logic to ensure that users are directed to the correct EC2 instance. Access the application by using the CloudFront distribution URL.","place the EC2 instances in an auto scaling group, configure a public application load balancer ALB and configure the ALB to direct traffic for the application to the auto scaling group, enable sticky sessions on the target group for the application cookies, access the application by using the ALB domain name.","configure a gateway load balancer GWLB, register the EC2 instances as a target group by using their instance IDs. Enable flow stickiness on the target group, access the application by using the GWLB domain name.",,,C
SAP-C02,Task 1.2: Prescribe security controls.,a company established a data sharing agreement with a supplier. A solutions architect must establish bidirectional access to Amazon S3 buckets for the company's organization in AWS organizations and the supplier's organization. The company's S3 buckets are in the US East 1 region. The supplier's buckets are in the US West 1 region. The company must encrypt data at rest and collect logs of all S3 bucket access. Which solution will meet these requirements?,"Create S3 access grants that have specific permissions in the source accounts. Use AWS Resource Access Manager, AWS RAM, to share the access grants with both organizations. Use server-side encryption with AWS KMS keys, SSE-KMS, to encrypt the data. Grant the target accounts access to the KMS keys. Configure AWS CloudTrail to log S3 data events.","Set up VPC peering connections between the VPCs of the two organizations. Use AWS PrivateLink to implement S3 interface endpoints. Configure IAM policies in each organization to control endpoint access. Use Amazon S3 server-side encryption with Amazon S3 managed keys, SSE-S3, to encrypt the data. Enable VPC flow logs.","Create S3 access points for both organizations and use AWS Resource Access Manager, AWS RAM, to share the access points. Attach IAM policies that grant cross-organization access to the access points. Use customer-managed AWS KMS keys to encrypt the data. Enable AWS CloudTrail in both regions.","Configure S3 cross-region replication. Create an SCP to allow S3 get object and S3 object actions. Share the SCP between both organizations. Use Amazon S3 server-side encryption with Amazon S3 managed keys, SSE-S3, to encrypt the data. Implement S3 server access logging.",,,C
SAP-C02,Task 2.1: Design a deployment strategy to meet business requirements.,You have been given the task to define multiple AWS Data Pipeline schedules for different activities in the same pipeline. Which of the following would successfully accomplish this task?,creating multiple pipeline definition files.,defining multiple pipeline definitions in your schedule objects file and associating the desired schedule to the correct activity via its schedule field.,defining multiple schedule objects in your pipeline definition file and associating the desired schedule to the correct activity via its schedule field.,defining multiple schedule objects in the schedule field.,,,C
SAP-C02,Task 2.1: Design a deployment strategy to meet business requirements.,"You have recently joined a startup company building sensors to measure street noise and air quality in urban areas. The company has been running a pilot deployment of around 100 sensors for 3 months. Each sensor uploads 1 kilobyte of sensor data every minute to a backend hosted on AWS. During the pilot, you measured a peak or 10 IOPS on the database, and you stored an average of 3 GB of sensor data per month in the database. The current deployment consists of a load-balanced, auto-scaled ingestion layer using EC2 instances and a PostgreSQL RDS database with 500 GB standard storage. The pilot is considered a success, and your CEO has managed to get the attention or some potential investors. The business plan requires a deployment of at least 100k sensors, which needs to be supported by the backend. You also need to store sensor data for at least 2 years to be able to compare year-over-year improvements. To secure funding, you have to make sure that the platform meets these requirements and leaves room for further scaling. Which setup would meet the requirements?",Add an SQS queue to the ingestion layer to buffer writes to the RDS instance.,Ingest data into a DynamoDB table and move old data to a Redshift cluster.,Replace the RDS instance with a six-node Redshift cluster with 96 TB of storage.,keep the current architecture but upgrade RDS storage to 3 terabytes and 10K provisioned IOPS.,,,B
SAP-C02,Task 1.3: Design reliable and resilient architectures.,You're running an application on premises due to its dependency on on premises due to its dependency on non-x86 hardware and want to use AWS for data backup. Your backup application is only able to write to POSIX-compatible block-based storage. You have 140 terabytes of data and would like to mount it as a single folder on your file server. Users must be able to access portions of this data while the backups are taking place. What backup solution would be most appropriate for this use case?,use Storage Gateway and configure it to use gateway cached volumes.,configure your backup software to use S3 as the target for your data backups.,configure your backup software to use Glacier as the target for your data backups.,use Storage Gateway and configure it to use gateway stored volumes.,,,D
SAP-C02,Task 1.3: Design reliable and resilient architectures.,"You have a periodic image analysis application that gets some files in input, analyzes them, and for each file writes some data in output to a temp file. The number of files in input per day is high and concentrated in a few hours of the day. Currently, you have a server on EC2 with a large EBS volume that hosts the input data and the results. It takes almost 20 hours per day to complete the process. What services could be used to reduce the elaboration time and improve the availability of the solution?",S3 to store IO files. SQS to distribute elaboration commands to a group of hosts working in parallel. Auto scaling to dynamically size the group of hosts depending on the length of the SQS queue.,EBS with provisioned IOPS to store IO files. SNS to distribute elaboration commands to a group of hosts working in parallel. Auto scaling to dynamically size the group of hosts depending on the number of SNS notifications.,"that S3 to store IO files, SNS to distribute elaboration commands to a group of hosts working in parallel. Auto scaling to dynamically size the group of hosts depending on the number of SNS notifications.",that EBS with provisioned IOPS to store IO files. Use SQS to distribute elaboration commands to a group of hosts working in parallel. Auto scaling to dynamically size the group to hosts depending on the length of the SQS queue.,,,A
SAP-C02,Task 1.1: Architect network connectivity strategies.,"In a VPC, can you modify a set of DHCP options after you create them?","Yes, you can modify a set of DHCP options within 48 hours after creation and there are no VPCs associated with them.","Yes, you can modify a set of DHCP options anytime after you create them.","No, you can't modify a set of DHCP options after you create them.","Yes, you can modify a set of DHCP options within 24 hours after creation.",,,C
SAP-C02,Task 1.2: Prescribe security controls.,A bucket owner has allowed another account's IAM users to upload or access objects in his bucket. The IAM user of account A is trying to access an object created by the IAM user of account,"it is not possible to give permission to multiple IAM users. Option B, AWS S3 bucket will verify proper rights given by the owner of account A, the bucket owner, as well as by the IAM user B to the object.",What will happen in this scenario?,the bucket policy may not be created as S3 will give error due to conflict of access rights.,It is not possible that the IAM user of one account accesses objects of the other IAM user.,,,B
SAP-C02,Task 1.2: Prescribe security controls.,Customer is deploying an SSL-enabled web application to AWS and would like to implement a separation of roles between the EC2 service administrators that are entitled to log into instances as well as making API calls and the security officers who will maintain and have exclusive access to the application's exclusive access to the application's X.509 certificate that contains the private key.,upload the certificate on an S3 bucket owned by the security officers and accessible only by EC2 role of the web servers.,configure the web servers to retrieve the certificate upon boot from in-cloud HSM is managed by the security officers.,configure system permissions on the web servers to restrict access to the authority security officers.,Configure IAM policies authorizing access to the certificate store only to the security officers and terminate SSL on an ELB.,,,D
SAP-C02,SAP-C02: Unmapped topic (review required).,"Your system recently experienced downtime during the troubleshooting process. You found that a new administrator mistakenly terminated several production EC2 instances. Which of the following strategies will help prevent a similar situation in the future? The administrator still must be able perform launch, start, stop, and terminate development resources, launch, and start production instances.",Create an IAM user which is not allowed to terminate instances by leveraging production EC2 termination protection.,Leverage resource-based tagging along with an IAM user which can prevent specific users from terminating production EC2 resources.,"Leverage EC2 termination protection and multi-factor authentication, which together require users to authenticate before terminating EC2 instances.",Create an IAM user and apply an IAM role which prevents users from terminating production EC2 instances.,,,B
SAP-C02,Task 4.3: Determine a new architecture for existing workloads.,"Your company is in the process of developing a next generation pet collar that collects biometric information to assist families with promoting healthy lifestyles for their pets. Each collar will push 30 KB of biometric data in JSON format every 2 seconds to a collection platform that will process and analyze the data providing health trending information back to the pet owners and veterinarians via a web portal. Management has tasked you to architect the collection platform ensuring the following requirements are met. Provide the ability for real-time analytics of the inbound biometric data. Ensure processing of the biometric data is highly durable, elastic, and parallel. The results of the analytic processing should be persisted for data mining. Which architecture outlined below will meet the initial requirements for the collection platform.","utilize S3 to collect the inbound sensor data, analyze the data from S3 with a daily scheduled data pipeline, and save the results to a Redshift cluster.","utilize Amazon Kinesis to collect the inbound sensor data, analyze the data with Kinesis clients, and save the results to a Redshift cluster using EMR.","utilize SQS to collect the inbound sensor data. Analyze the data from SQS with Amazon Kinesis, and save the results to a Microsoft SQL Server RDS instance.","utilize EMR to collect the inbound sensor data, analyze the data from Euro with Amazon Kinesis, and save me results to DynamoDB.",,,B
SAP-C02,Task 1.1: Architect network connectivity strategies.,A web company is looking to implement an intrusion detection and prevention system into their deployed VPC. This platform should have the ability to scale to thousands of instances running inside of the VPC. How should they architect their solution to achieve these goals?,Configure an instance with monitoring software and the elastic network interface or ENI set to promiscuous mode packet sniffing to see in traffic across the VPC.,Create a second VPC and route all traffic from the primary application VPC through the second VPC where the scalable virtualized IDS or IPS platform resides.,Configure servers running in the VPC using the host-based route commands to send all traffic through the platform to a scalable virtualized IDS or IPS.,Configure each host with an agent that collects all network traffic and sends that traffic to the IDS or IPS platform for inspection.,,,D
